customer_id,first_order_date,zip_code,loyalty_member,county,total_orders,total_revenue,days_to_second_order,first_order_month
C00003,2025-11-01,91362,False,Ventura,2,54.5,20.0,2025-11
C00004,2025-12-27,93036,False,Ventura,1,22.5,,2025-12
C00005,2025-09-17,93065,True,Ventura,3,86.0,53.0,2025-09
C00007,2025-06-03,93033,False,Ventura,11,259.5,5.0,2025-06
C00009,2025-02-28,93003,True,Ventura,1,18.0,,2025-02
C00010,2025-06-08,90802,False,Los Angeles,1,18.0,,2025-06
C00014,2025-10-31,93035,False,Ventura,1,38.5,,2025-10
C00018,2025-10-31,91311,True,Los Angeles,5,89.0,1.0,2025-10
C00022,2025-01-31,93060,False,Ventura,8,199.0,100.0,2025-01
C00029,2025-08-21,91362,True,Ventura,2,47.45,1.0,2025-08
C00033,2025-06-26,Unknown,False,Unknown,1,18.0,,2025-06
C00036,2025-01-12,93001,True,Ventura,6,203.5,60.0,2025-01
C00037,2025-02-16,93004,True,Ventura,8,222.3,41.0,2025-02
C00039,2025-02-05,91320,True,Ventura,3,72.0,13.0,2025-02
C00042,2025-01-21,Unknown,False,Unknown,3,48.0,17.0,2025-01
C00046,2025-02-21,93030,False,Ventura,1,18.0,,2025-02
C00048,2025-09-19,91320,True,Ventura,7,160.0,27.0,2025-09
C00051,2025-07-05,93021,True,Ventura,4,68.0,1.0,2025-07
C00058,2025-01-12,93036,False,Ventura,1,24.0,,2025-01
C00059,2025-03-04,93004,True,Ventura,3,90.5,131.0,2025-03
C00061,2025-05-23,91360,False,Ventura,1,30.5,,2025-05
C00068,2025-06-26,91360,False,Ventura,11,283.0,10.0,2025-06
C00069,2025-11-26,93036,True,Ventura,1,14.0,,2025-11
C00071,2025-09-28,93010,True,Ventura,10,365.25,0.0,2025-09
C00073,2025-12-21,93060,False,Ventura,1,58.0,,2025-12
C00074,2025-06-20,93004,True,Ventura,4,95.5,22.0,2025-06
C00075,2025-04-22,93012,True,Ventura,3,75.5,3.0,2025-04
C00076,2025-07-25,93001,True,Ventura,11,267.0,57.0,2025-07
C00077,2025-05-25,93012,True,Ventura,9,248.0,0.0,2025-05
C00079,2025-06-18,91381,False,Los Angeles,3,105.0,21.0,2025-06
C00081,2025-08-06,93001,False,Ventura,1,17.0,,2025-08
C00085,2025-09-26,93012,True,Ventura,1,33.5,,2025-09
C00088,2025-08-29,93035,False,Ventura,4,113.0,49.0,2025-08
C00091,2025-01-03,91320,True,Ventura,6,190.0,21.0,2025-01
C00096,2025-12-30,91320,False,Ventura,2,48.0,1.0,2025-12
C00100,2025-07-20,Unknown,False,Unknown,5,178.5,9.0,2025-07
C00104,2025-02-08,93003,False,Ventura,1,19.0,,2025-02
C00109,2025-09-17,93012,True,Ventura,1,29.7,,2025-09
C00112,2025-11-08,93003,True,Ventura,1,12.5,,2025-11
C00114,2025-08-10,91362,False,Ventura,1,12.5,,2025-08
C00115,2025-08-03,91311,True,Los Angeles,2,36.0,42.0,2025-08
C00119,2025-01-18,91320,False,Ventura,1,20.5,,2025-01
C00123,2025-01-03,93036,True,Ventura,11,389.6,9.0,2025-01
C00125,2025-01-24,93004,True,Ventura,4,88.5,5.0,2025-01
C00129,2025-02-28,93036,True,Ventura,3,92.0,61.0,2025-02
C00130,2025-03-15,93003,False,Ventura,2,41.0,34.0,2025-03
C00131,2025-07-01,91360,True,Ventura,6,166.5,19.0,2025-07
C00133,2025-11-01,91360,False,Ventura,4,143.5,6.0,2025-11
C00134,2025-09-16,93001,False,Ventura,3,55.0,10.0,2025-09
C00139,2025-02-01,93030,False,Ventura,1,52.0,,2025-02
C00143,2025-01-08,93033,False,Ventura,1,13.5,,2025-01
C00144,2025-09-26,91360,False,Ventura,2,70.5,56.0,2025-09
C00145,2025-04-26,93065,False,Ventura,2,31.5,158.0,2025-04
C00146,2025-01-07,91355,True,Los Angeles,14,386.0,59.0,2025-01
C00147,2025-02-02,93001,False,Ventura,1,42.0,,2025-02
C00150,2025-03-01,93063,True,Ventura,3,72.5,50.0,2025-03
C00156,2025-10-03,93010,False,Ventura,1,18.0,,2025-10
C00157,2025-05-02,93001,True,Ventura,1,25.0,,2025-05
C00160,2025-02-14,93030,False,Ventura,1,17.5,,2025-02
C00161,2025-04-15,93010,True,Ventura,1,22.0,,2025-04
C00167,2025-10-21,91362,False,Ventura,1,26.5,,2025-10
C00168,2025-11-11,91320,False,Ventura,1,89.5,,2025-11
C00172,2025-07-20,93063,False,Ventura,1,18.0,,2025-07
C00173,2025-11-28,93030,True,Ventura,1,17.5,,2025-11
C00174,2025-04-09,93030,False,Ventura,1,12.5,,2025-04
C00176,2025-01-08,Unknown,True,Unknown,5,122.0,16.0,2025-01
C00177,2025-03-28,Unknown,False,Unknown,1,38.25,,2025-03
C00178,2025-07-13,93010,False,Ventura,3,101.5,19.0,2025-07
C00180,2025-03-28,91320,False,Ventura,1,39.5,,2025-03
C00182,2025-09-06,93001,False,Ventura,4,82.0,27.0,2025-09
C00184,2025-10-11,93030,False,Ventura,2,64.0,17.0,2025-10
C00186,2025-07-04,91311,False,Los Angeles,11,346.5,16.0,2025-07
C00188,2025-01-15,93004,True,Ventura,2,41.5,11.0,2025-01
C00190,2025-09-21,93033,True,Ventura,3,143.4,12.0,2025-09
C00191,2025-06-20,93030,False,Ventura,2,61.0,6.0,2025-06
C00193,2025-03-26,93030,True,Ventura,1,14.0,,2025-03
C00194,2025-06-07,93010,False,Ventura,6,212.0,14.0,2025-06
C00196,2025-01-03,93004,True,Ventura,8,256.88,21.0,2025-01
C00198,2025-02-14,93035,False,Ventura,1,61.5,,2025-02
C00199,2025-07-20,93001,True,Ventura,1,39.5,,2025-07
C00204,2025-01-12,91381,True,Los Angeles,1,22.0,,2025-01
C00207,2025-01-03,Unknown,True,Unknown,14,372.5,13.0,2025-01
C00208,2025-11-28,91320,False,Ventura,1,16.5,,2025-11
C00213,2025-06-05,91362,True,Ventura,4,105.0,69.0,2025-06
C00217,2025-07-25,91360,True,Ventura,2,59.5,34.0,2025-07
C00221,2025-08-10,93063,False,Ventura,2,54.0,6.0,2025-08
C00222,2025-08-03,93003,False,Ventura,2,80.0,146.0,2025-08
C00231,2025-08-16,93015,True,Ventura,4,184.0,6.0,2025-08
C00238,2025-07-03,91311,False,Los Angeles,1,14.0,,2025-07
C00239,2025-02-20,91101,True,Los Angeles,2,60.0,23.0,2025-02
C00249,2025-09-20,91360,False,Ventura,2,30.0,28.0,2025-09
C00251,2025-04-01,93003,False,Ventura,1,22.0,,2025-04
C00263,2025-05-11,93065,False,Ventura,1,37.5,,2025-05
C00264,2025-07-27,93001,True,Ventura,1,41.5,,2025-07
C00267,2025-07-09,91362,True,Ventura,4,162.0,88.0,2025-07
C00268,2025-04-08,93001,True,Ventura,1,19.5,,2025-04
C00270,2025-07-03,93012,True,Ventura,1,18.0,,2025-07
C00271,2025-08-06,93004,True,Ventura,2,87.5,52.0,2025-08
C00272,2025-05-10,90802,True,Los Angeles,4,145.0,35.0,2025-05
C00274,2025-04-17,93033,False,Ventura,6,173.0,14.0,2025-04
C00277,2025-07-20,93001,False,Ventura,2,53.0,14.0,2025-07
C00279,2025-08-30,90802,False,Los Angeles,1,38.5,,2025-08
C00282,2025-12-16,91311,True,Los Angeles,1,34.2,,2025-12
C00283,2025-01-17,91311,True,Los Angeles,11,278.5,14.0,2025-01
C00286,2025-09-16,93030,False,Ventura,2,32.5,4.0,2025-09
C00289,2025-03-11,93004,False,Ventura,3,118.5,59.0,2025-03
C00293,2025-07-04,93033,False,Ventura,1,36.5,,2025-07
C00294,2025-06-17,91362,True,Ventura,4,105.0,3.0,2025-06
C00295,2025-05-25,Unknown,False,Unknown,4,131.5,4.0,2025-05
C00296,2025-08-15,93065,False,Ventura,4,171.0,89.0,2025-08
C00297,2025-11-29,93065,False,Ventura,1,22.0,,2025-11
C00299,2025-05-11,93001,False,Ventura,2,66.5,149.0,2025-05
C00302,2025-12-03,93021,True,Ventura,1,21.0,,2025-12
C00308,2025-07-29,93065,False,Ventura,10,224.5,3.0,2025-07
C00311,2025-01-03,91362,False,Ventura,1,32.0,,2025-01
C00312,2025-01-03,91381,False,Los Angeles,1,20.5,,2025-01
C00313,2025-08-03,91360,True,Ventura,2,33.8,0.0,2025-08
C00316,2025-01-10,Unknown,False,Unknown,16,424.0,20.0,2025-01
C00317,2025-07-17,93060,False,Ventura,2,56.5,15.0,2025-07
C00318,2025-01-19,91355,False,Los Angeles,1,20.5,,2025-01
C00319,2025-02-23,93003,True,Ventura,12,280.27,39.0,2025-02
C00323,2025-03-01,93065,False,Ventura,1,38.5,,2025-03
C00329,2025-11-15,93001,False,Ventura,1,54.5,,2025-11
C00330,2025-08-01,91320,True,Ventura,8,308.0,20.0,2025-08
C00331,2025-12-13,91355,False,Los Angeles,1,13.0,,2025-12
C00332,2025-11-02,93001,True,Ventura,1,16.0,,2025-11
C00333,2025-04-05,93010,False,Ventura,1,38.5,,2025-04
C00335,2025-05-23,91362,True,Ventura,10,268.42,1.0,2025-05
C00341,2025-06-08,93036,True,Ventura,1,38.5,,2025-06
C00343,2025-09-28,Unknown,False,Unknown,1,23.0,,2025-09
C00344,2025-09-27,93033,False,Ventura,2,34.0,24.0,2025-09
C00346,2025-01-04,93001,False,Ventura,4,103.5,70.0,2025-01
C00348,2025-07-25,93030,True,Ventura,4,100.5,20.0,2025-07
C00349,2025-10-04,93060,False,Ventura,1,17.5,,2025-10
C00350,2025-10-02,93063,True,Ventura,1,17.5,,2025-10
C00351,2025-08-01,91311,False,Los Angeles,1,91.5,,2025-08
C00352,2025-09-12,93010,True,Ventura,1,17.5,,2025-09
C00353,2025-11-16,93036,False,Ventura,1,31.0,,2025-11
C00354,2025-05-02,91362,False,Ventura,3,55.5,8.0,2025-05
C00358,2025-04-11,93030,False,Ventura,2,56.5,8.0,2025-04
C00360,2025-11-28,93001,False,Ventura,1,20.5,,2025-11
C00367,2025-12-12,93001,False,Ventura,1,21.0,,2025-12
C00371,2025-04-04,91381,False,Los Angeles,1,20.5,,2025-04
C00372,2025-09-18,91360,True,Ventura,4,90.5,10.0,2025-09
C00373,2025-01-24,93036,False,Ventura,1,21.0,,2025-01
C00374,2025-06-26,93003,False,Ventura,3,50.0,7.0,2025-06
C00375,2025-01-04,93036,True,Ventura,10,278.0,1.0,2025-01
C00377,2025-01-21,93030,False,Ventura,1,63.0,,2025-01
C00378,2025-07-25,91360,False,Ventura,12,284.3,21.0,2025-07
C00380,2025-02-01,Unknown,False,Unknown,1,35.5,,2025-02
C00384,2025-12-02,91355,False,Los Angeles,1,18.0,,2025-12
C00385,2025-03-11,93003,False,Ventura,12,436.5,61.0,2025-03
C00386,2025-04-05,93003,False,Ventura,1,21.0,,2025-04
C00390,2025-08-21,93030,False,Ventura,1,12.5,,2025-08
C00392,2025-10-23,93004,True,Ventura,1,14.0,,2025-10
C00394,2025-04-25,93003,False,Ventura,1,35.0,,2025-04
C00396,2025-01-10,93015,False,Ventura,10,257.0,11.0,2025-01
C00398,2025-01-10,Unknown,True,Unknown,9,269.68,18.0,2025-01
C00399,2025-06-12,Unknown,False,Unknown,1,13.5,,2025-06
C00400,2025-06-05,Unknown,False,Unknown,4,110.5,121.0,2025-06
C00401,2025-09-12,93030,False,Ventura,3,111.0,98.0,2025-09
C00408,2025-08-01,93004,False,Ventura,1,77.0,,2025-08
C00409,2025-11-02,93001,True,Ventura,1,17.5,,2025-11
C00412,2025-10-07,91360,False,Ventura,3,71.0,11.0,2025-10
C00415,2025-10-31,93030,True,Ventura,1,24.0,,2025-10
C00417,2025-03-18,91381,True,Los Angeles,2,76.0,14.0,2025-03
C00422,2025-05-11,93060,True,Ventura,5,143.0,3.0,2025-05
C00423,2025-07-11,Unknown,True,Unknown,13,415.85,0.0,2025-07
C00424,2025-12-05,93065,True,Ventura,2,34.5,18.0,2025-12
C00425,2025-11-14,93001,False,Ventura,3,80.5,11.0,2025-11
C00432,2025-11-28,93003,False,Ventura,1,55.0,,2025-11
C00435,2025-12-20,93036,True,Ventura,1,35.5,,2025-12
C00438,2025-07-20,93063,False,Ventura,2,76.0,56.0,2025-07
C00441,2025-11-13,93030,False,Ventura,1,18.0,,2025-11
C00442,2025-06-06,93065,True,Ventura,1,30.0,,2025-06
C00444,2025-10-18,93012,True,Ventura,1,21.0,,2025-10
C00451,2025-11-21,93060,True,Ventura,1,17.0,,2025-11
C00453,2025-03-13,91381,False,Los Angeles,4,132.5,48.0,2025-03
C00454,2025-11-21,93010,True,Ventura,1,57.0,,2025-11
C00455,2025-10-31,93030,True,Ventura,9,234.5,2.0,2025-10
C00456,2025-11-12,93065,True,Ventura,2,39.5,28.0,2025-11
C00466,2025-08-27,93030,False,Ventura,1,20.0,,2025-08
C00469,2025-04-16,93033,True,Ventura,5,188.0,46.0,2025-04
C00471,2025-05-23,93033,False,Ventura,1,34.5,,2025-05
C00473,2025-01-21,93063,True,Ventura,1,42.5,,2025-01
C00474,2025-08-22,93001,True,Ventura,1,20.0,,2025-08
C00475,2025-08-22,93004,True,Ventura,2,46.0,98.0,2025-08
C00476,2025-01-30,91362,False,Ventura,1,62.0,,2025-01
C00485,2025-07-03,93035,True,Ventura,4,125.0,23.0,2025-07
C00488,2025-01-04,93063,True,Ventura,5,135.5,1.0,2025-01
C00489,2025-03-15,91101,False,Los Angeles,9,313.5,5.0,2025-03
C00494,2025-10-02,91311,False,Los Angeles,2,33.5,12.0,2025-10
C00495,2025-09-16,93003,False,Ventura,1,59.0,,2025-09
C00497,2025-03-28,93033,False,Ventura,2,44.5,2.0,2025-03
C00499,2025-08-01,91360,False,Ventura,2,48.5,103.0,2025-08
C00500,2025-04-23,93030,False,Ventura,2,56.5,2.0,2025-04
C00501,2025-07-08,91355,False,Los Angeles,1,80.0,,2025-07
C00506,2025-03-07,93033,False,Ventura,2,36.0,12.0,2025-03
C00507,2025-04-19,93033,False,Ventura,4,161.5,0.0,2025-04
C00514,2025-05-03,93033,True,Ventura,9,173.52,27.0,2025-05
C00517,2025-11-14,93004,False,Ventura,1,20.5,,2025-11
C00519,2025-01-28,93010,True,Ventura,12,410.0,31.0,2025-01
C00520,2025-03-19,93003,False,Ventura,1,20.5,,2025-03
C00522,2025-04-18,91362,False,Ventura,2,60.0,88.0,2025-04
C00524,2025-04-12,91381,False,Los Angeles,2,35.0,18.0,2025-04
C00525,2025-01-04,93004,True,Ventura,41,1337.45,0.0,2025-01
C00526,2025-04-27,93015,False,Ventura,5,155.0,7.0,2025-04
C00533,2025-02-14,93063,False,Ventura,2,48.0,2.0,2025-02
C00535,2025-03-15,93030,True,Ventura,2,63.12,22.0,2025-03
C00536,2025-10-03,93001,True,Ventura,1,12.5,,2025-10
C00540,2025-09-07,93001,False,Ventura,1,61.0,,2025-09
C00545,2025-04-18,93004,True,Ventura,1,32.5,,2025-04
C00548,2025-03-19,90802,True,Los Angeles,2,84.5,127.0,2025-03
C00551,2025-06-21,Unknown,False,Unknown,1,17.5,,2025-06
C00552,2025-01-10,93012,True,Ventura,11,374.25,6.0,2025-01
C00556,2025-02-02,Unknown,True,Unknown,2,68.0,30.0,2025-02
C00559,2025-02-07,93035,False,Ventura,3,112.0,37.0,2025-02
C00563,2025-01-24,93003,False,Ventura,2,32.0,25.0,2025-01
C00567,2025-07-27,93035,False,Ventura,1,32.0,,2025-07
C00568,2025-11-28,93012,True,Ventura,1,18.0,,2025-11
C00569,2025-02-25,Unknown,False,Unknown,1,47.5,,2025-02
C00570,2025-05-17,93030,False,Ventura,5,128.7,20.0,2025-05
C00571,2025-02-06,93001,False,Ventura,3,87.5,22.0,2025-02
C00577,2025-02-21,93004,False,Ventura,4,135.23,68.0,2025-02
C00580,2025-02-14,93010,False,Ventura,1,40.0,,2025-02
C00583,2025-07-06,93036,True,Ventura,6,204.5,33.0,2025-07
C00594,2025-05-09,93010,False,Ventura,3,106.5,105.0,2025-05
C00601,2025-08-02,Unknown,False,Unknown,1,17.5,,2025-08
C00607,2025-07-01,93033,False,Ventura,4,118.5,36.0,2025-07
C00610,2025-02-22,93012,False,Ventura,1,11.5,,2025-02
C00615,2025-03-07,93001,True,Ventura,1,40.0,,2025-03
C00620,2025-09-13,93010,True,Ventura,1,31.05,,2025-09
C00621,2025-05-09,Unknown,False,Unknown,1,37.5,,2025-05
C00622,2025-02-14,93036,False,Ventura,1,35.5,,2025-02
C00626,2025-07-12,93010,False,Ventura,1,43.5,,2025-07
C00628,2025-07-22,91360,True,Ventura,3,73.5,10.0,2025-07
C00632,2025-09-19,91360,False,Ventura,1,10.5,,2025-09
C00635,2025-01-29,91362,True,Ventura,13,371.5,17.0,2025-01
C00636,2025-08-07,93065,True,Ventura,9,248.0,3.0,2025-08
C00637,2025-03-06,93021,False,Ventura,1,41.0,,2025-03
C00638,2025-02-04,93030,False,Ventura,1,39.5,,2025-02
C00639,2025-10-26,93015,False,Ventura,1,17.5,,2025-10
C00641,2025-09-11,93060,False,Ventura,1,21.5,,2025-09
C00642,2025-10-07,93004,False,Ventura,2,54.0,71.0,2025-10
C00644,2025-01-12,93012,True,Ventura,1,34.5,,2025-01
C00645,2025-10-12,93030,False,Ventura,2,93.5,21.0,2025-10
C00647,2025-07-12,93015,True,Ventura,5,110.0,28.0,2025-07
C00648,2025-02-26,91320,False,Ventura,4,132.5,3.0,2025-02
C00649,2025-08-22,Unknown,False,Unknown,2,44.0,77.0,2025-08
C00654,2025-03-14,93003,True,Ventura,10,206.0,14.0,2025-03
C00658,2025-07-26,91360,True,Ventura,5,130.0,14.0,2025-07
C00660,2025-02-02,93001,False,Ventura,5,152.0,5.0,2025-02
C00661,2025-05-30,93004,True,Ventura,9,274.75,0.0,2025-05
C00663,2025-05-10,91362,True,Ventura,1,35.5,,2025-05
C00667,2025-03-02,93012,False,Ventura,4,76.5,13.0,2025-03
C00670,2025-01-11,91362,False,Ventura,7,119.0,6.0,2025-01
C00673,2025-06-01,93012,False,Ventura,6,163.0,40.0,2025-06
C00676,2025-04-05,93003,False,Ventura,1,17.5,,2025-04
C00679,2025-11-22,93012,True,Ventura,1,13.5,,2025-11
C00680,2025-07-18,93010,False,Ventura,1,17.0,,2025-07
C00683,2025-11-28,93065,True,Ventura,1,51.0,,2025-11
C00685,2025-02-16,91355,False,Los Angeles,1,21.0,,2025-02
C00688,2025-04-04,93030,False,Ventura,2,103.0,23.0,2025-04
C00690,2025-08-14,93065,False,Ventura,2,31.5,72.0,2025-08
C00691,2025-08-31,93003,True,Ventura,1,32.5,,2025-08
C00693,2025-08-30,93004,True,Ventura,5,106.5,66.0,2025-08
C00697,2025-02-07,93063,False,Ventura,1,56.5,,2025-02
C00698,2025-12-12,93010,False,Ventura,1,11.0,,2025-12
C00700,2025-10-04,93065,True,Ventura,5,127.5,14.0,2025-10
C00701,2025-11-02,93021,True,Ventura,3,93.5,48.0,2025-11
C00703,2025-01-21,93003,True,Ventura,2,41.0,26.0,2025-01
C00704,2025-05-01,93065,False,Ventura,6,121.0,9.0,2025-05
C00705,2025-10-17,Unknown,True,Unknown,2,38.5,0.0,2025-10
C00707,2025-10-01,91311,False,Los Angeles,6,156.0,9.0,2025-10
C00708,2025-01-11,93015,False,Ventura,11,311.0,34.0,2025-01
C00710,2025-08-26,Unknown,False,Unknown,4,122.5,3.0,2025-08
C00711,2025-03-05,93012,False,Ventura,3,75.5,16.0,2025-03
C00713,2025-05-11,93021,False,Ventura,1,17.5,,2025-05
C00714,2025-12-26,91320,False,Ventura,1,49.5,,2025-12
C00723,2025-01-24,Unknown,True,Unknown,20,518.7,35.0,2025-01
C00726,2025-03-25,93001,True,Ventura,1,18.45,,2025-03
C00727,2025-07-19,93030,True,Ventura,1,38.0,,2025-07
C00728,2025-09-21,93035,True,Ventura,1,24.0,,2025-09
C00729,2025-01-21,93010,False,Ventura,16,445.45,53.0,2025-01
C00733,2025-02-21,93010,True,Ventura,3,79.05,245.0,2025-02
C00734,2025-11-22,91362,False,Ventura,1,18.0,,2025-11
C00735,2025-10-01,Unknown,True,Unknown,1,30.5,,2025-10
C00737,2025-05-07,93004,True,Ventura,3,99.0,44.0,2025-05
C00739,2025-03-16,93030,False,Ventura,1,17.0,,2025-03
C00740,2025-10-21,93036,False,Ventura,1,21.0,,2025-10
C00742,2025-02-01,93012,True,Ventura,3,87.0,62.0,2025-02
C00744,2025-09-19,91360,True,Ventura,4,64.62,19.0,2025-09
C00745,2025-05-29,91301,False,Los Angeles,1,38.0,,2025-05
C00747,2025-06-27,93010,False,Ventura,3,90.5,55.0,2025-06
C00750,2025-03-21,93003,False,Ventura,1,37.5,,2025-03
C00752,2025-10-26,Unknown,False,Unknown,1,22.5,,2025-10
C00758,2025-02-14,91355,False,Los Angeles,1,35.5,,2025-02
C00759,2025-08-01,93015,True,Ventura,1,59.5,,2025-08
C00761,2025-10-31,93004,False,Ventura,3,80.0,0.0,2025-10
C00762,2025-03-20,93012,True,Ventura,1,12.5,,2025-03
C00763,2025-05-02,93033,True,Ventura,1,14.0,,2025-05
C00767,2025-08-23,Unknown,True,Unknown,1,32.0,,2025-08
C00768,2025-03-30,93063,True,Ventura,2,42.5,47.0,2025-03
C00771,2025-01-31,93060,True,Ventura,1,34.5,,2025-01
C00772,2025-07-29,93063,False,Ventura,1,37.5,,2025-07
C00775,2025-10-31,93060,True,Ventura,1,30.0,,2025-10
C00776,2025-11-15,93030,False,Ventura,1,17.0,,2025-11
C00777,2025-07-05,93012,False,Ventura,1,17.0,,2025-07
C00778,2025-04-18,93001,True,Ventura,9,226.38,18.0,2025-04
C00781,2025-11-09,93065,True,Ventura,2,51.0,42.0,2025-11
C00784,2025-01-09,93060,False,Ventura,1,18.0,,2025-01
C00786,2025-08-23,93012,False,Ventura,1,39.0,,2025-08
C00789,2025-06-20,93012,False,Ventura,3,104.5,20.0,2025-06
C00791,2025-06-05,93003,True,Ventura,6,185.0,7.0,2025-06
C00792,2025-01-04,93030,False,Ventura,1,18.0,,2025-01
C00797,2025-11-11,93004,True,Ventura,2,26.0,17.0,2025-11
C00802,2025-12-17,91360,False,Ventura,1,41.0,,2025-12
C00805,2025-05-10,93030,True,Ventura,7,278.95,20.0,2025-05
C00812,2025-04-11,93035,True,Ventura,3,53.0,22.0,2025-04
C00817,2025-12-05,93012,False,Ventura,3,93.0,7.0,2025-12
C00820,2025-07-23,93063,True,Ventura,3,76.0,83.0,2025-07
C00826,2025-08-31,93012,True,Ventura,1,17.5,,2025-08
C00828,2025-07-20,93004,True,Ventura,1,18.0,,2025-07
C00831,2025-01-12,93063,False,Ventura,5,205.5,9.0,2025-01
C00832,2025-02-16,91381,False,Los Angeles,1,18.0,,2025-02
C00837,2025-09-05,Unknown,False,Unknown,3,110.5,9.0,2025-09
C00839,2025-06-08,Unknown,False,Unknown,1,37.0,,2025-06
C00841,2025-04-24,93004,True,Ventura,2,101.0,23.0,2025-04
C00844,2025-01-15,91311,False,Los Angeles,2,65.5,16.0,2025-01
C00846,2025-05-03,93012,False,Ventura,1,44.0,,2025-05
C00849,2025-01-31,Unknown,True,Unknown,1,35.5,,2025-01
C00851,2025-06-01,93015,True,Ventura,3,50.5,47.0,2025-06
C00853,2025-03-23,93033,False,Ventura,3,133.5,49.0,2025-03
C00856,2025-08-26,91101,False,Los Angeles,2,32.3,39.0,2025-08
C00860,2025-10-11,91360,False,Ventura,1,17.5,,2025-10
C00862,2025-04-17,93036,False,Ventura,17,443.0,10.0,2025-04
C00864,2025-09-19,93033,False,Ventura,2,71.5,89.0,2025-09
C00866,2025-01-22,Unknown,False,Unknown,1,12.5,,2025-01
C00868,2025-08-22,93030,False,Ventura,1,27.0,,2025-08
C00869,2025-01-24,93012,True,Ventura,7,172.0,21.0,2025-01
C00873,2025-11-11,93021,False,Ventura,1,38.5,,2025-11
C00881,2025-09-21,93030,False,Ventura,3,75.0,41.0,2025-09
C00882,2025-03-21,91360,False,Ventura,1,14.5,,2025-03
C00885,2025-02-27,93003,True,Ventura,1,33.5,,2025-02
C00886,2025-08-01,93060,False,Ventura,1,55.0,,2025-08
C00888,2025-06-13,93003,True,Ventura,1,9.0,,2025-06
C00893,2025-01-10,93065,True,Ventura,5,78.5,2.0,2025-01
C00894,2025-08-29,93001,True,Ventura,2,39.5,23.0,2025-08
C00895,2025-08-13,93004,False,Ventura,3,69.0,16.0,2025-08
C00898,2025-11-15,93003,True,Ventura,1,17.0,,2025-11
C00899,2025-03-07,93001,True,Ventura,3,75.45,35.0,2025-03
C00903,2025-08-05,93033,True,Ventura,2,75.0,67.0,2025-08
C00904,2025-02-18,93015,False,Ventura,3,73.5,14.0,2025-02
C00907,2025-12-27,90802,False,Los Angeles,1,32.0,,2025-12
C00910,2025-06-20,93004,True,Ventura,7,189.75,23.0,2025-06
C00912,2025-10-11,Unknown,False,Unknown,1,19.0,,2025-10
C00913,2025-02-16,93063,False,Ventura,5,90.5,5.0,2025-02
C00917,2025-07-20,91360,True,Ventura,1,34.5,,2025-07
C00919,2025-07-25,93030,False,Ventura,1,15.5,,2025-07
C00922,2025-02-15,Unknown,False,Unknown,2,51.0,74.0,2025-02
C00927,2025-09-17,93004,True,Ventura,4,153.5,10.0,2025-09
C00928,2025-04-29,91360,False,Ventura,5,108.5,35.0,2025-04
C00929,2025-12-20,93060,False,Ventura,1,32.0,,2025-12
C00930,2025-05-08,93004,False,Ventura,2,63.5,7.0,2025-05
C00933,2025-11-14,93030,False,Ventura,1,19.5,,2025-11
C00936,2025-05-13,Unknown,True,Unknown,12,338.95,37.0,2025-05
C00941,2025-06-21,93060,True,Ventura,1,21.25,,2025-06
C00944,2025-07-24,93035,False,Ventura,1,20.5,,2025-07
C00945,2025-02-26,91311,False,Los Angeles,1,17.5,,2025-02
C00949,2025-12-28,93033,False,Ventura,1,36.5,,2025-12
C00951,2025-02-27,93065,False,Ventura,1,30.0,,2025-02
C00952,2025-06-26,93015,True,Ventura,6,155.0,72.0,2025-06
C00954,2025-12-02,93035,True,Ventura,2,38.0,16.0,2025-12
C00956,2025-04-27,93010,False,Ventura,1,20.5,,2025-04
C00957,2025-06-28,93021,False,Ventura,1,59.0,,2025-06
C00959,2025-01-05,91381,False,Los Angeles,1,18.0,,2025-01
C00963,2025-02-28,93065,True,Ventura,5,147.5,7.0,2025-02
C00964,2025-08-01,93030,True,Ventura,6,132.0,49.0,2025-08
C00968,2025-06-14,91320,True,Ventura,1,30.15,,2025-06
C00970,2025-07-18,93010,True,Ventura,9,259.5,8.0,2025-07
C00971,2025-01-25,91362,True,Ventura,3,52.0,38.0,2025-01
C00972,2025-12-26,93001,True,Ventura,1,34.5,,2025-12
C00973,2025-12-27,93010,True,Ventura,1,17.5,,2025-12
C00978,2025-01-30,93063,False,Ventura,1,14.0,,2025-01
C00979,2025-11-20,93060,False,Ventura,1,20.5,,2025-11
C00982,2025-12-10,91360,False,Ventura,2,24.0,9.0,2025-12
C00986,2025-12-12,93001,False,Ventura,1,20.5,,2025-12
C00995,2025-04-04,90802,False,Los Angeles,1,39.0,,2025-04
C01000,2025-01-11,93035,True,Ventura,1,53.5,,2025-01
C01001,2025-08-15,93012,True,Ventura,4,87.5,0.0,2025-08
C01003,2025-01-22,93033,True,Ventura,4,97.0,2.0,2025-01
C01006,2025-05-11,93003,False,Ventura,1,17.5,,2025-05
C01012,2025-07-25,93033,False,Ventura,1,17.5,,2025-07
C01016,2025-11-02,93010,True,Ventura,1,22.0,,2025-11
C01017,2025-12-20,93065,False,Ventura,1,25.0,,2025-12
C01018,2025-07-04,93001,False,Ventura,1,20.5,,2025-07
C01020,2025-02-20,93012,False,Ventura,1,17.0,,2025-02
C01023,2025-06-08,93004,False,Ventura,1,20.5,,2025-06
C01029,2025-10-24,93001,False,Ventura,1,31.0,,2025-10
C01032,2025-01-17,91360,False,Ventura,1,17.5,,2025-01
C01041,2025-09-21,93033,True,Ventura,2,34.5,14.0,2025-09
C01045,2025-07-30,93033,True,Ventura,3,101.0,58.0,2025-07
C01051,2025-02-13,93036,False,Ventura,1,12.5,,2025-02
C01052,2025-12-23,93003,True,Ventura,1,12.5,,2025-12
C01053,2025-01-03,91360,True,Ventura,1,18.0,,2025-01
C01054,2025-01-25,91320,True,Ventura,2,64.5,168.0,2025-01
C01056,2025-06-27,Unknown,False,Unknown,1,31.0,,2025-06
C01058,2025-07-31,93065,True,Ventura,2,54.0,27.0,2025-07
C01060,2025-02-07,91362,False,Ventura,5,106.5,28.0,2025-02
C01061,2025-06-24,91360,False,Ventura,1,62.0,,2025-06
C01069,2025-09-19,93063,True,Ventura,3,130.0,8.0,2025-09
C01070,2025-08-17,93010,False,Ventura,2,57.5,33.0,2025-08
C01071,2025-09-05,93003,False,Ventura,2,53.5,82.0,2025-09
C01072,2025-08-08,Unknown,False,Unknown,3,87.0,44.0,2025-08
C01081,2025-10-02,93036,True,Ventura,1,18.5,,2025-10
C01083,2025-01-19,93035,False,Ventura,1,17.5,,2025-01
C01084,2025-08-02,91362,False,Ventura,3,55.0,24.0,2025-08
C01085,2025-01-24,Unknown,False,Unknown,1,35.5,,2025-01
C01088,2025-08-17,93001,False,Ventura,1,14.5,,2025-08
C01091,2025-12-12,93060,True,Ventura,1,19.5,,2025-12
C01092,2025-08-22,Unknown,False,Unknown,3,135.0,77.0,2025-08
C01094,2025-07-25,91381,True,Los Angeles,2,34.5,92.0,2025-07
C01098,2025-06-20,93001,False,Ventura,8,267.55,9.0,2025-06
C01099,2025-04-18,93063,False,Ventura,1,17.5,,2025-04
C01103,2025-10-03,93003,False,Ventura,1,32.0,,2025-10
C01106,2025-05-29,93035,False,Ventura,3,103.0,52.0,2025-05
C01108,2025-01-08,93060,False,Ventura,1,17.5,,2025-01
C01116,2025-04-12,93060,True,Ventura,1,16.5,,2025-04
C01119,2025-04-05,91355,True,Los Angeles,1,9.9,,2025-04
C01120,2025-06-11,93033,False,Ventura,1,27.5,,2025-06
C01133,2025-01-19,93065,True,Ventura,4,118.5,111.0,2025-01
C01137,2025-11-16,90802,False,Los Angeles,4,66.5,0.0,2025-11
C01140,2025-10-04,93033,False,Ventura,1,19.0,,2025-10
C01143,2025-10-14,93030,False,Ventura,1,16.5,,2025-10
C01146,2025-02-23,93012,False,Ventura,1,63.0,,2025-02
C01149,2025-12-11,93003,False,Ventura,1,18.0,,2025-12
C01151,2025-05-11,91301,True,Los Angeles,8,212.9,4.0,2025-05
C01154,2025-01-28,93001,True,Ventura,4,141.5,68.0,2025-01
C01156,2025-03-27,91381,True,Los Angeles,10,256.95,15.0,2025-03
C01157,2025-03-05,93010,True,Ventura,2,56.5,29.0,2025-03
C01158,2025-10-10,91320,True,Ventura,2,55.5,20.0,2025-10
C01160,2025-09-16,93030,False,Ventura,2,35.5,101.0,2025-09
C01167,2025-07-06,93010,False,Ventura,1,20.5,,2025-07
C01168,2025-10-29,93004,False,Ventura,6,194.5,0.0,2025-10
C01169,2025-08-14,93035,False,Ventura,5,219.5,15.0,2025-08
C01172,2025-09-30,91320,False,Ventura,1,20.5,,2025-09
C01174,2025-08-29,90802,False,Los Angeles,1,30.5,,2025-08
C01175,2025-04-11,93010,False,Ventura,1,17.5,,2025-04
C01179,2025-07-06,93030,True,Ventura,2,35.5,13.0,2025-07
C01182,2025-06-03,93001,True,Ventura,6,189.2,2.0,2025-06
C01183,2025-02-19,93030,True,Ventura,8,216.0,52.0,2025-02
C01184,2025-08-01,93035,True,Ventura,1,30.5,,2025-08
C01186,2025-05-02,91301,False,Los Angeles,1,38.5,,2025-05
C01189,2025-12-18,93060,True,Ventura,1,20.5,,2025-12
C01201,2025-01-24,93065,False,Ventura,1,16.5,,2025-01
C01202,2025-12-27,93065,False,Ventura,1,17.0,,2025-12
C01205,2025-03-29,93030,True,Ventura,5,104.0,20.0,2025-03
C01210,2025-11-06,93012,False,Ventura,2,114.5,22.0,2025-11
C01216,2025-01-15,93030,False,Ventura,5,148.0,139.0,2025-01
C01217,2025-08-02,93003,False,Ventura,3,97.0,38.0,2025-08
C01218,2025-04-19,93010,False,Ventura,1,26.0,,2025-04
C01220,2025-11-19,93030,True,Ventura,1,17.5,,2025-11
C01221,2025-03-15,93003,True,Ventura,7,173.0,115.0,2025-03
C01222,2025-11-15,93060,True,Ventura,1,16.0,,2025-11
C01223,2025-01-10,93030,False,Ventura,2,103.0,16.0,2025-01
C01224,2025-11-21,Unknown,False,Unknown,1,37.0,,2025-11
C01225,2025-10-31,93010,True,Ventura,1,65.5,,2025-10
C01226,2025-02-16,93033,False,Ventura,3,134.0,27.0,2025-02
C01234,2025-02-12,91360,False,Ventura,1,42.0,,2025-02
C01237,2025-06-13,91320,True,Ventura,4,90.5,14.0,2025-06
C01239,2025-01-23,93021,True,Ventura,18,580.88,14.0,2025-01
C01240,2025-08-28,Unknown,True,Unknown,1,24.0,,2025-08
C01243,2025-09-27,93010,False,Ventura,1,16.5,,2025-09
C01245,2025-04-04,91362,False,Ventura,1,18.0,,2025-04
C01246,2025-09-07,93033,True,Ventura,1,15.5,,2025-09
C01247,2025-07-18,91360,False,Ventura,1,17.0,,2025-07
C01251,2025-10-17,93033,True,Ventura,2,34.0,30.0,2025-10
C01253,2025-12-10,93021,True,Ventura,2,65.0,13.0,2025-12
C01258,2025-04-05,91362,False,Ventura,1,37.0,,2025-04
C01259,2025-01-08,Unknown,False,Unknown,7,152.0,3.0,2025-01
C01261,2025-03-14,91360,True,Ventura,11,389.5,28.0,2025-03
C01262,2025-04-12,91360,False,Ventura,2,38.5,15.0,2025-04
C01270,2025-09-28,93036,False,Ventura,3,105.0,28.0,2025-09
C01275,2025-01-10,91362,True,Ventura,1,17.5,,2025-01
C01277,2025-01-02,93001,True,Ventura,9,320.5,3.0,2025-01
C01278,2025-05-02,93015,True,Ventura,2,40.0,0.0,2025-05
C01284,2025-03-04,93065,False,Ventura,3,93.0,67.0,2025-03
C01285,2025-07-18,93030,False,Ventura,2,38.0,27.0,2025-07
C01287,2025-09-13,91362,False,Ventura,2,56.0,3.0,2025-09
C01289,2025-07-20,93001,False,Ventura,6,126.0,9.0,2025-07
C01291,2025-02-23,91362,False,Ventura,3,52.0,5.0,2025-02
C01294,2025-11-07,91355,False,Los Angeles,3,53.0,23.0,2025-11
C01297,2025-01-10,93035,True,Ventura,4,68.15,1.0,2025-01
C01298,2025-12-31,93003,True,Ventura,1,17.0,,2025-12
C01302,2025-03-22,93033,False,Ventura,1,38.0,,2025-03
C01304,2025-01-18,Unknown,True,Unknown,2,33.5,43.0,2025-01
C01306,2025-08-21,93001,False,Ventura,1,27.5,,2025-08
C01307,2025-08-29,91311,False,Los Angeles,3,81.5,42.0,2025-08
C01308,2025-11-14,93036,False,Ventura,2,38.0,9.0,2025-11
C01311,2025-04-11,91320,False,Ventura,4,71.0,4.0,2025-04
C01318,2025-07-03,93021,True,Ventura,7,202.5,50.0,2025-07
C01322,2025-09-19,93003,False,Ventura,1,41.5,,2025-09
C01326,2025-02-07,93060,False,Ventura,1,17.0,,2025-02
C01330,2025-02-02,91360,True,Ventura,2,30.0,83.0,2025-02
C01331,2025-12-19,93030,False,Ventura,1,67.0,,2025-12
C01332,2025-06-08,91360,False,Ventura,1,30.15,,2025-06
C01336,2025-03-07,91360,False,Ventura,3,94.0,27.0,2025-03
C01341,2025-02-23,91320,True,Ventura,1,19.0,,2025-02
C01344,2025-12-07,93060,False,Ventura,1,52.0,,2025-12
C01346,2025-05-10,Unknown,False,Unknown,1,13.5,,2025-05
C01349,2025-02-14,93065,False,Ventura,2,51.0,25.0,2025-02
C01350,2025-10-24,93030,True,Ventura,1,24.0,,2025-10
C01353,2025-08-07,91362,True,Ventura,10,266.0,1.0,2025-08
C01355,2025-01-08,93030,False,Ventura,2,43.5,13.0,2025-01
C01356,2025-04-25,93033,True,Ventura,7,143.0,8.0,2025-04
C01359,2025-09-05,Unknown,False,Unknown,1,55.0,,2025-09
C01363,2025-01-10,93003,False,Ventura,2,76.5,25.0,2025-01
C01364,2025-08-02,93033,True,Ventura,2,83.5,57.0,2025-08
C01365,2025-04-18,93036,False,Ventura,1,23.5,,2025-04
C01369,2025-06-28,93036,True,Ventura,1,36.0,,2025-06
C01380,2025-02-02,93035,False,Ventura,7,183.5,13.0,2025-02
C01383,2025-03-08,Unknown,False,Unknown,2,49.5,48.0,2025-03
C01385,2025-04-08,93004,False,Ventura,1,86.5,,2025-04
C01395,2025-05-02,93060,False,Ventura,4,99.12,33.0,2025-05
C01400,2025-03-08,93001,False,Ventura,12,328.0,13.0,2025-03
C01404,2025-11-15,93033,False,Ventura,1,20.5,,2025-11
C01405,2025-12-05,93030,True,Ventura,1,18.0,,2025-12
C01409,2025-06-03,93012,False,Ventura,5,162.5,7.0,2025-06
C01414,2025-06-11,91320,False,Ventura,8,193.5,23.0,2025-06
C01415,2025-09-26,91355,True,Los Angeles,3,98.0,35.0,2025-09
C01416,2025-07-18,Unknown,False,Unknown,1,38.5,,2025-07
C01417,2025-04-15,93010,False,Ventura,3,70.0,25.0,2025-04
C01420,2025-03-20,93035,False,Ventura,14,504.3,9.0,2025-03
C01425,2025-10-25,91362,False,Ventura,1,16.5,,2025-10
C01426,2025-02-16,93012,False,Ventura,1,34.0,,2025-02
C01427,2025-04-01,93001,True,Ventura,1,9.5,,2025-04
C01431,2025-01-09,93004,False,Ventura,1,12.5,,2025-01
C01435,2025-09-05,93065,True,Ventura,3,63.5,85.0,2025-09
C01437,2025-07-20,93063,True,Ventura,1,11.0,,2025-07
C01440,2025-08-27,91360,False,Ventura,1,20.5,,2025-08
C01441,2025-01-02,93036,True,Ventura,41,991.05,26.0,2025-01
C01443,2025-07-19,91362,True,Ventura,1,18.0,,2025-07
C01445,2025-04-12,93012,True,Ventura,13,344.95,27.0,2025-04
C01446,2025-01-08,91360,False,Ventura,5,215.0,3.0,2025-01
C01447,2025-06-28,91311,False,Los Angeles,4,111.0,12.0,2025-06
C01448,2025-03-06,93015,False,Ventura,1,34.0,,2025-03
C01452,2025-03-01,93003,False,Ventura,3,96.0,130.0,2025-03
C01457,2025-01-26,91381,True,Los Angeles,1,42.0,,2025-01
C01463,2025-04-25,93010,True,Ventura,2,39.0,6.0,2025-04
C01473,2025-04-08,93010,True,Ventura,19,602.85,10.0,2025-04
C01476,2025-07-06,91301,False,Los Angeles,2,104.0,13.0,2025-07
C01478,2025-08-07,93010,False,Ventura,1,22.5,,2025-08
C01479,2025-07-20,93060,False,Ventura,1,22.0,,2025-07
C01480,2025-09-21,93033,False,Ventura,2,58.5,35.0,2025-09
C01481,2025-07-29,93015,False,Ventura,1,36.5,,2025-07
C01483,2025-11-18,93003,False,Ventura,3,74.0,24.0,2025-11
C01485,2025-10-10,93003,False,Ventura,1,50.0,,2025-10
C01486,2025-01-24,93033,True,Ventura,3,94.0,14.0,2025-01
C01489,2025-10-23,93010,False,Ventura,2,36.45,2.0,2025-10
C01491,2025-12-16,Unknown,True,Unknown,1,40.0,,2025-12
C01492,2025-01-11,Unknown,False,Unknown,3,70.5,15.0,2025-01
C01495,2025-02-07,93003,False,Ventura,2,34.0,9.0,2025-02
C01498,2025-04-18,93065,False,Ventura,1,39.0,,2025-04
C01499,2025-01-03,93012,False,Ventura,1,17.5,,2025-01
C01500,2025-08-16,91360,False,Ventura,3,87.0,57.0,2025-08
C01501,2025-02-19,91311,False,Los Angeles,2,97.5,69.0,2025-02
C01505,2025-03-15,93035,False,Ventura,1,23.0,,2025-03
C01511,2025-05-24,93012,True,Ventura,1,18.0,,2025-05
C01514,2025-11-14,93021,False,Ventura,4,137.5,0.0,2025-11
C01515,2025-01-09,91362,False,Ventura,1,50.0,,2025-01
C01516,2025-02-07,91381,True,Los Angeles,5,154.5,2.0,2025-02
C01517,2025-02-28,93063,True,Ventura,1,9.5,,2025-02
C01519,2025-06-28,93036,True,Ventura,6,142.0,5.0,2025-06
C01520,2025-05-08,91301,True,Los Angeles,1,25.5,,2025-05
C01521,2025-02-08,93001,True,Ventura,1,15.0,,2025-02
C01524,2025-03-07,Unknown,False,Unknown,1,20.5,,2025-03
C01526,2025-12-28,93021,True,Ventura,1,17.5,,2025-12
C01528,2025-08-30,Unknown,False,Unknown,2,37.0,35.0,2025-08
C01529,2025-03-23,93003,True,Ventura,2,34.98,79.0,2025-03
C01531,2025-08-26,93001,False,Ventura,4,78.0,26.0,2025-08
C01532,2025-01-10,93001,True,Ventura,1,18.0,,2025-01
C01533,2025-11-28,93035,False,Ventura,1,17.5,,2025-11
C01535,2025-01-08,91360,True,Ventura,15,453.7,80.0,2025-01
C01536,2025-09-03,93036,False,Ventura,1,38.0,,2025-09
C01541,2025-01-24,90802,False,Los Angeles,3,94.0,111.0,2025-01
C01544,2025-03-01,Unknown,True,Unknown,8,214.5,138.0,2025-03
C01545,2025-07-12,91301,False,Los Angeles,4,115.0,32.0,2025-07
C01547,2025-06-13,93001,True,Ventura,2,96.5,71.0,2025-06
C01549,2025-11-01,91381,False,Los Angeles,1,17.5,,2025-11
C01550,2025-02-16,91311,True,Los Angeles,1,35.0,,2025-02
C01552,2025-01-23,91360,False,Ventura,13,367.5,10.0,2025-01
C01553,2025-01-17,93036,False,Ventura,1,26.5,,2025-01
C01555,2025-01-19,93063,True,Ventura,7,170.5,38.0,2025-01
C01557,2025-03-27,93063,False,Ventura,2,49.0,220.0,2025-03
C01560,2025-11-23,93063,False,Ventura,1,42.5,,2025-11
C01564,2025-02-02,93010,False,Ventura,1,33.5,,2025-02
C01565,2025-12-28,91362,False,Ventura,1,31.5,,2025-12
C01566,2025-04-29,93001,False,Ventura,1,20.5,,2025-04
C01570,2025-06-04,93035,False,Ventura,2,51.5,80.0,2025-06
C01575,2025-01-31,93010,True,Ventura,4,66.0,8.0,2025-01
C01576,2025-04-20,Unknown,True,Unknown,2,41.5,251.0,2025-04
C01584,2025-10-29,93030,True,Ventura,2,42.0,9.0,2025-10
C01589,2025-04-05,93003,True,Ventura,34,943.4,1.0,2025-04
C01590,2025-03-07,93021,True,Ventura,1,14.0,,2025-03
C01591,2025-08-15,93003,True,Ventura,5,150.5,7.0,2025-08
C01592,2025-04-04,Unknown,True,Unknown,1,35.1,,2025-04
C01594,2025-03-14,91381,False,Los Angeles,1,19.5,,2025-03
C01598,2025-06-04,93065,True,Ventura,7,269.2,35.0,2025-06
C01601,2025-01-05,91362,False,Ventura,3,77.5,35.0,2025-01
C01605,2025-12-27,93035,True,Ventura,1,35.0,,2025-12
C01606,2025-02-04,93033,True,Ventura,11,383.95,3.0,2025-02
C01608,2025-04-26,93036,True,Ventura,18,546.5,14.0,2025-04
C01610,2025-07-04,93033,False,Ventura,6,195.5,30.0,2025-07
C01611,2025-03-21,93035,True,Ventura,1,17.5,,2025-03
C01617,2025-09-23,93065,True,Ventura,2,58.0,59.0,2025-09
C01621,2025-12-05,93001,True,Ventura,2,42.0,9.0,2025-12
C01623,2025-10-30,93001,False,Ventura,2,29.5,9.0,2025-10
C01624,2025-01-30,93063,True,Ventura,4,88.3,16.0,2025-01
C01625,2025-03-09,93033,False,Ventura,2,67.5,12.0,2025-03
C01629,2025-07-27,93001,True,Ventura,1,18.0,,2025-07
C01630,2025-12-19,93012,False,Ventura,1,44.0,,2025-12
C01633,2025-06-29,93063,False,Ventura,3,71.5,68.0,2025-06
C01634,2025-07-25,93065,False,Ventura,1,35.0,,2025-07
C01637,2025-10-11,93030,False,Ventura,1,39.0,,2025-10
C01642,2025-02-14,93001,True,Ventura,6,151.08,72.0,2025-02
C01645,2025-09-26,91381,True,Los Angeles,2,38.5,77.0,2025-09
C01649,2025-08-30,93030,False,Ventura,1,49.5,,2025-08
C01651,2025-09-10,91101,True,Los Angeles,5,138.5,17.0,2025-09
C01654,2025-02-14,93001,True,Ventura,1,96.0,,2025-02
C01660,2025-03-21,91320,True,Ventura,56,1520.42,1.0,2025-03
C01662,2025-11-29,93001,False,Ventura,2,111.5,13.0,2025-11
C01665,2025-12-20,93012,False,Ventura,1,35.0,,2025-12
C01668,2025-12-16,93063,True,Ventura,1,17.0,,2025-12
C01669,2025-01-14,93012,True,Ventura,5,105.0,3.0,2025-01
C01672,2025-06-19,93004,False,Ventura,1,34.5,,2025-06
C01680,2025-09-13,93063,False,Ventura,1,22.5,,2025-09
C01684,2025-07-19,91362,True,Ventura,1,64.5,,2025-07
C01685,2025-08-08,91311,True,Los Angeles,1,47.0,,2025-08
C01686,2025-10-14,93010,True,Ventura,3,86.85,10.0,2025-10
C01687,2025-12-24,93065,False,Ventura,2,41.0,2.0,2025-12
C01688,2025-02-09,91362,False,Ventura,1,14.0,,2025-02
C01691,2025-02-12,93004,False,Ventura,1,12.5,,2025-02
C01693,2025-03-08,93033,True,Ventura,1,31.5,,2025-03
C01695,2025-07-06,93003,False,Ventura,1,16.0,,2025-07
C01697,2025-07-25,93030,True,Ventura,3,83.0,35.0,2025-07
C01699,2025-09-16,93065,False,Ventura,2,37.0,75.0,2025-09
C01702,2025-04-23,91320,False,Ventura,1,19.5,,2025-04
C01707,2025-10-10,93036,True,Ventura,6,166.0,8.0,2025-10
C01713,2025-12-06,93036,False,Ventura,1,22.5,,2025-12
C01716,2025-01-02,93003,False,Ventura,4,118.5,3.0,2025-01
C01719,2025-07-06,93001,False,Ventura,1,18.5,,2025-07
C01720,2025-10-08,93001,False,Ventura,1,23.5,,2025-10
C01721,2025-12-02,93010,True,Ventura,1,19.0,,2025-12
C01722,2025-08-08,91101,True,Los Angeles,11,277.0,1.0,2025-08
C01723,2025-04-05,91362,False,Ventura,2,39.5,21.0,2025-04
C01725,2025-01-10,Unknown,False,Unknown,1,38.5,,2025-01
C01727,2025-08-21,93063,False,Ventura,1,36.0,,2025-08
C01728,2025-01-22,91320,False,Ventura,3,87.0,21.0,2025-01
C01732,2025-01-03,93010,True,Ventura,15,426.0,35.0,2025-01
C01734,2025-07-18,91355,True,Los Angeles,1,38.5,,2025-07
C01735,2025-03-09,93012,False,Ventura,1,17.5,,2025-03
C01737,2025-10-22,93063,False,Ventura,2,74.5,52.0,2025-10
C01742,2025-06-28,91362,True,Ventura,10,230.0,10.0,2025-06
C01744,2025-04-22,93001,False,Ventura,1,30.0,,2025-04
C01746,2025-02-22,93065,False,Ventura,5,150.5,34.0,2025-02
C01749,2025-04-04,93001,False,Ventura,2,67.5,2.0,2025-04
C01750,2025-01-25,93030,False,Ventura,1,18.0,,2025-01
C01752,2025-01-16,93035,True,Ventura,4,148.0,57.0,2025-01
C01753,2025-11-26,93012,False,Ventura,3,69.6,2.0,2025-11
C01758,2025-06-08,91360,False,Ventura,1,14.0,,2025-06
C01760,2025-05-18,93001,False,Ventura,2,44.0,26.0,2025-05
C01762,2025-01-04,93001,True,Ventura,10,299.2,70.0,2025-01
C01763,2025-03-19,93012,True,Ventura,15,285.5,9.0,2025-03
C01764,2025-06-13,93030,True,Ventura,1,60.5,,2025-06
C01769,2025-12-20,93003,True,Ventura,1,58.0,,2025-12
C01770,2025-07-01,90802,False,Los Angeles,2,30.0,38.0,2025-07
C01784,2025-01-26,90802,True,Los Angeles,11,294.0,2.0,2025-01
C01785,2025-01-04,93030,True,Ventura,1,40.0,,2025-01
C01786,2025-01-02,93030,False,Ventura,1,41.0,,2025-01
C01787,2025-07-18,93001,False,Ventura,1,15.5,,2025-07
C01788,2025-05-30,91362,False,Ventura,2,74.5,47.0,2025-05
C01790,2025-02-01,93003,True,Ventura,5,120.0,68.0,2025-02
C01793,2025-08-03,93033,True,Ventura,1,40.5,,2025-08
C01796,2025-09-12,93033,True,Ventura,1,41.5,,2025-09
C01798,2025-01-28,93001,True,Ventura,18,429.5,4.0,2025-01
C01799,2025-01-28,93012,False,Ventura,3,88.0,61.0,2025-01
C01804,2025-04-19,93004,False,Ventura,1,32.0,,2025-04
C01805,2025-09-26,93021,False,Ventura,1,17.5,,2025-09
C01809,2025-08-27,93003,False,Ventura,1,25.0,,2025-08
C01811,2025-01-17,93065,True,Ventura,4,152.0,23.0,2025-01
C01812,2025-08-23,93033,False,Ventura,2,51.0,35.0,2025-08
C01815,2025-01-07,93021,False,Ventura,1,48.5,,2025-01
C01821,2025-01-05,93001,False,Ventura,5,98.0,7.0,2025-01
C01822,2025-10-24,93033,False,Ventura,1,17.0,,2025-10
C01827,2025-05-08,Unknown,False,Unknown,2,47.0,29.0,2025-05
C01829,2025-11-02,93010,False,Ventura,2,36.5,45.0,2025-11
C01830,2025-11-02,93033,False,Ventura,3,68.0,5.0,2025-11
C01833,2025-03-01,91381,False,Los Angeles,1,51.5,,2025-03
C01834,2025-04-02,Unknown,True,Unknown,14,313.5,1.0,2025-04
C01835,2025-08-22,90802,True,Los Angeles,1,63.0,,2025-08
C01837,2025-03-29,93003,True,Ventura,6,144.5,7.0,2025-03
C01838,2025-01-12,93063,False,Ventura,2,35.5,40.0,2025-01
C01841,2025-02-15,93036,True,Ventura,7,162.65,19.0,2025-02
C01843,2025-07-05,93065,True,Ventura,14,485.45,14.0,2025-07
C01845,2025-07-04,93001,True,Ventura,2,53.0,39.0,2025-07
C01849,2025-01-23,Unknown,False,Unknown,1,116.0,,2025-01
C01851,2025-10-30,91360,True,Ventura,3,55.0,8.0,2025-10
C01857,2025-12-07,93030,True,Ventura,1,18.5,,2025-12
C01862,2025-09-28,93063,False,Ventura,1,22.5,,2025-09
C01865,2025-01-26,93004,False,Ventura,5,191.0,49.0,2025-01
C01874,2025-05-08,93012,False,Ventura,15,334.5,16.0,2025-05
C01877,2025-06-21,91381,True,Los Angeles,10,337.0,21.0,2025-06
C01878,2025-02-28,93001,False,Ventura,1,34.0,,2025-02
C01882,2025-09-16,93021,False,Ventura,2,32.0,19.0,2025-09
C01883,2025-03-09,91362,False,Ventura,4,112.5,26.0,2025-03
C01884,2025-10-24,93060,False,Ventura,1,26.5,,2025-10
C01885,2025-02-19,93003,False,Ventura,1,33.0,,2025-02
C01886,2025-04-09,91311,False,Los Angeles,1,22.0,,2025-04
C01888,2025-05-03,93001,True,Ventura,12,415.0,76.0,2025-05
C01896,2025-04-05,93063,True,Ventura,36,1091.85,0.0,2025-04
C01898,2025-06-15,91301,True,Los Angeles,6,131.0,18.0,2025-06
C01899,2025-01-24,91311,True,Los Angeles,3,77.0,238.0,2025-01
C01901,2025-02-08,93060,False,Ventura,1,18.0,,2025-02
C01908,2025-03-01,93030,True,Ventura,12,288.0,20.0,2025-03
C01910,2025-03-26,93010,False,Ventura,1,30.0,,2025-03
C01911,2025-11-15,93012,True,Ventura,3,81.5,10.0,2025-11
C01912,2025-11-22,93033,True,Ventura,2,55.5,35.0,2025-11
C01913,2025-04-06,Unknown,False,Unknown,2,62.0,63.0,2025-04
C01915,2025-07-02,93030,True,Ventura,1,39.5,,2025-07
C01916,2025-01-31,93010,True,Ventura,3,72.0,64.0,2025-01
C01919,2025-11-14,93030,False,Ventura,2,32.0,7.0,2025-11
C01923,2025-09-17,91362,False,Ventura,1,9.5,,2025-09
C01925,2025-07-24,93021,True,Ventura,2,39.5,16.0,2025-07
C01930,2025-03-30,93010,False,Ventura,1,18.0,,2025-03
C01931,2025-01-03,93003,False,Ventura,1,18.0,,2025-01
C01932,2025-01-09,93003,False,Ventura,1,36.5,,2025-01
C01933,2025-09-19,Unknown,False,Unknown,2,36.0,57.0,2025-09
C01935,2025-01-17,91320,False,Ventura,3,67.5,64.0,2025-01
C01939,2025-07-12,93060,True,Ventura,1,18.0,,2025-07
C01940,2025-01-03,91311,True,Los Angeles,1,16.65,,2025-01
C01941,2025-10-16,93012,True,Ventura,3,50.0,9.0,2025-10
C01943,2025-05-17,91301,False,Los Angeles,8,287.0,52.0,2025-05
C01945,2025-11-15,93060,False,Ventura,1,17.5,,2025-11
C01948,2025-04-16,91360,False,Ventura,7,179.0,46.0,2025-04
C01949,2025-01-26,91301,True,Los Angeles,12,302.52,0.0,2025-01
C01952,2025-01-04,93003,True,Ventura,3,84.5,21.0,2025-01
C01954,2025-08-23,90802,False,Los Angeles,2,76.5,45.0,2025-08
C01960,2025-12-28,93001,False,Ventura,1,38.5,,2025-12
C01961,2025-06-12,93035,False,Ventura,1,35.5,,2025-06
C01962,2025-04-18,93010,False,Ventura,5,121.5,22.0,2025-04
C01963,2025-06-01,93001,False,Ventura,7,178.0,2.0,2025-06
C01969,2025-10-19,91362,False,Ventura,1,77.0,,2025-10
C01970,2025-09-13,93001,False,Ventura,1,21.0,,2025-09
C01977,2025-07-25,Unknown,False,Unknown,2,73.5,81.0,2025-07
C01980,2025-02-21,93004,True,Ventura,3,66.0,210.0,2025-02
C01983,2025-04-12,93010,False,Ventura,3,118.5,6.0,2025-04
C01984,2025-08-22,91360,True,Ventura,9,231.5,14.0,2025-08
C01988,2025-01-04,93063,False,Ventura,1,18.0,,2025-01
C01994,2025-02-27,93003,True,Ventura,7,170.8,7.0,2025-02
C01995,2025-04-20,91360,False,Ventura,1,16.5,,2025-04
C01996,2025-03-01,93012,False,Ventura,2,30.0,3.0,2025-03
C01997,2025-02-09,93015,True,Ventura,12,286.5,16.0,2025-02
C02002,2025-08-29,93003,False,Ventura,3,101.0,30.0,2025-08
C02003,2025-01-26,93012,False,Ventura,4,110.0,60.0,2025-01
C02005,2025-02-01,Unknown,True,Unknown,10,291.0,0.0,2025-02
C02008,2025-02-18,93010,True,Ventura,4,94.25,31.0,2025-02
C02009,2025-05-30,93004,True,Ventura,2,91.5,190.0,2025-05
C02015,2025-09-14,91362,False,Ventura,1,21.0,,2025-09
C02021,2025-10-08,93003,False,Ventura,3,65.0,55.0,2025-10
C02023,2025-08-30,Unknown,True,Unknown,1,34.5,,2025-08
C02026,2025-05-23,93004,False,Ventura,1,18.0,,2025-05
C02031,2025-10-21,Unknown,True,Unknown,3,89.5,33.0,2025-10
C02036,2025-01-03,91381,False,Los Angeles,5,130.0,44.0,2025-01
C02041,2025-01-07,91362,True,Ventura,18,557.2,5.0,2025-01
C02042,2025-01-31,93033,False,Ventura,3,122.0,14.0,2025-01
C02043,2025-05-03,91355,False,Los Angeles,1,52.5,,2025-05
C02046,2025-06-17,93001,True,Ventura,10,262.3,31.0,2025-06
C02047,2025-12-28,93060,False,Ventura,1,18.0,,2025-12
C02048,2025-10-17,93004,False,Ventura,1,58.5,,2025-10
C02049,2025-10-17,93010,True,Ventura,8,228.5,0.0,2025-10
C02051,2025-08-27,93033,False,Ventura,2,56.0,44.0,2025-08
C02052,2025-10-03,93021,True,Ventura,4,166.0,42.0,2025-10
C02058,2025-09-11,93004,False,Ventura,2,76.5,83.0,2025-09
C02059,2025-01-24,93010,True,Ventura,3,83.5,251.0,2025-01
C02063,2025-06-21,91301,False,Los Angeles,1,16.0,,2025-06
C02064,2025-02-02,93003,True,Ventura,1,8.07,,2025-02
C02067,2025-12-04,93035,False,Ventura,1,57.5,,2025-12
C02069,2025-01-25,93001,True,Ventura,2,66.5,42.0,2025-01
C02074,2025-08-01,93035,False,Ventura,1,18.0,,2025-08
C02076,2025-10-10,93010,False,Ventura,2,78.0,22.0,2025-10
C02078,2025-01-17,93012,True,Ventura,16,380.4,23.0,2025-01
C02083,2025-09-28,93063,False,Ventura,1,12.5,,2025-09
C02084,2025-01-11,93003,True,Ventura,14,346.33,48.0,2025-01
C02094,2025-07-20,93060,True,Ventura,3,119.5,70.0,2025-07
C02095,2025-02-07,91362,False,Ventura,2,33.5,105.0,2025-02
C02097,2025-05-09,91355,True,Los Angeles,1,13.5,,2025-05
C02098,2025-05-17,91320,False,Ventura,3,54.0,19.0,2025-05
C02100,2025-04-12,93004,True,Ventura,1,30.0,,2025-04
C02101,2025-04-01,Unknown,False,Unknown,3,158.0,98.0,2025-04
C02106,2025-08-02,91320,False,Ventura,1,20.5,,2025-08
C02110,2025-01-08,93010,True,Ventura,3,76.5,22.0,2025-01
C02117,2025-06-14,91360,True,Ventura,6,188.75,1.0,2025-06
C02118,2025-12-21,Unknown,True,Unknown,1,62.0,,2025-12
C02122,2025-09-20,Unknown,True,Unknown,1,34.0,,2025-09
C02123,2025-01-02,91301,True,Los Angeles,3,143.0,264.0,2025-01
C02124,2025-05-09,Unknown,True,Unknown,2,60.0,49.0,2025-05
C02128,2025-12-30,93012,False,Ventura,1,17.0,,2025-12
C02129,2025-01-17,91320,True,Ventura,2,56.5,28.0,2025-01
C02130,2025-10-31,93004,True,Ventura,2,52.5,56.0,2025-10
C02131,2025-05-30,93033,True,Ventura,2,92.0,49.0,2025-05
C02134,2025-11-04,91362,False,Ventura,1,15.5,,2025-11
C02138,2025-06-07,93063,False,Ventura,1,37.0,,2025-06
C02140,2025-01-10,93035,False,Ventura,18,504.0,9.0,2025-01
C02148,2025-02-28,93065,False,Ventura,4,165.0,22.0,2025-02
C02150,2025-10-17,93060,True,Ventura,1,44.5,,2025-10
C02152,2025-07-25,93001,True,Ventura,1,27.0,,2025-07
C02156,2025-01-11,93030,False,Ventura,4,92.5,11.0,2025-01
C02160,2025-02-27,93003,True,Ventura,25,634.1,1.0,2025-02
C02161,2025-01-04,90802,False,Los Angeles,5,132.15,162.0,2025-01
C02162,2025-02-14,93003,True,Ventura,3,74.7,25.0,2025-02
C02164,2025-05-11,91301,False,Los Angeles,1,27.5,,2025-05
C02169,2025-12-27,93012,False,Ventura,1,12.5,,2025-12
C02172,2025-11-19,91311,True,Los Angeles,1,25.0,,2025-11
C02173,2025-03-28,93065,False,Ventura,1,12.5,,2025-03
C02175,2025-01-17,93036,False,Ventura,1,46.0,,2025-01
C02176,2025-10-24,91381,False,Los Angeles,1,58.0,,2025-10
C02177,2025-07-06,93063,False,Ventura,1,14.0,,2025-07
C02178,2025-08-22,93003,False,Ventura,1,35.5,,2025-08
C02179,2025-11-01,91311,True,Los Angeles,1,23.0,,2025-11
C02189,2025-11-25,91301,True,Los Angeles,1,93.0,,2025-11
C02190,2025-01-26,93001,False,Ventura,1,18.0,,2025-01
C02194,2025-08-16,93033,True,Ventura,2,46.8,69.0,2025-08
C02196,2025-07-16,91360,False,Ventura,2,31.5,16.0,2025-07
C02201,2025-03-29,93001,True,Ventura,2,55.5,258.0,2025-03
C02202,2025-04-26,91355,False,Los Angeles,1,17.0,,2025-04
C02205,2025-06-08,93012,False,Ventura,8,203.0,33.0,2025-06
C02206,2025-09-03,91360,False,Ventura,1,15.5,,2025-09
C02210,2025-08-19,93010,True,Ventura,1,36.9,,2025-08
C02216,2025-01-11,Unknown,True,Unknown,4,62.5,143.0,2025-01
C02219,2025-12-28,93063,False,Ventura,1,20.5,,2025-12
C02221,2025-07-18,Unknown,False,Unknown,5,147.0,1.0,2025-07
C02223,2025-07-11,93010,False,Ventura,1,41.5,,2025-07
C02224,2025-01-24,93001,True,Ventura,1,27.0,,2025-01
C02225,2025-06-06,93033,False,Ventura,1,9.5,,2025-06
C02226,2025-05-11,93004,True,Ventura,4,151.0,26.0,2025-05
C02228,2025-04-13,91320,True,Ventura,1,21.15,,2025-04
C02231,2025-02-14,93033,False,Ventura,2,42.5,6.0,2025-02
C02241,2025-01-07,93033,True,Ventura,12,290.5,5.0,2025-01
C02244,2025-10-16,93004,True,Ventura,1,16.5,,2025-10
C02246,2025-10-02,93033,True,Ventura,8,223.95,15.0,2025-10
C02247,2025-12-11,91355,True,Los Angeles,1,72.5,,2025-12
C02249,2025-11-01,93033,False,Ventura,1,18.0,,2025-11
C02250,2025-10-14,93060,False,Ventura,1,17.5,,2025-10
C02251,2025-08-24,91360,False,Ventura,1,33.0,,2025-08
C02257,2025-01-18,91355,False,Los Angeles,7,145.5,8.0,2025-01
C02258,2025-02-01,93060,False,Ventura,12,296.5,6.0,2025-02
C02264,2025-06-29,93063,True,Ventura,3,99.0,76.0,2025-06
C02267,2025-05-04,91362,False,Ventura,4,64.5,76.0,2025-05
C02271,2025-01-25,93003,False,Ventura,3,106.5,50.0,2025-01
C02273,2025-04-26,93012,False,Ventura,4,112.5,11.0,2025-04
C02275,2025-07-25,93065,False,Ventura,4,102.0,21.0,2025-07
C02277,2025-02-22,93003,False,Ventura,1,17.0,,2025-02
C02282,2025-01-11,90802,True,Los Angeles,3,73.5,97.0,2025-01
C02285,2025-08-23,91101,True,Los Angeles,3,53.5,15.0,2025-08
C02286,2025-01-10,93033,True,Ventura,1,34.0,,2025-01
C02289,2025-06-03,91320,True,Ventura,3,56.5,109.0,2025-06
C02290,2025-08-22,93003,True,Ventura,1,41.0,,2025-08
C02294,2025-01-05,93010,False,Ventura,1,30.0,,2025-01
C02298,2025-12-13,93033,True,Ventura,1,51.0,,2025-12
C02299,2025-05-02,93003,True,Ventura,1,22.5,,2025-05
C02300,2025-02-21,93010,False,Ventura,1,17.5,,2025-02
C02305,2025-01-18,Unknown,False,Unknown,1,32.0,,2025-01
C02308,2025-04-02,93001,False,Ventura,1,51.5,,2025-04
C02310,2025-06-14,Unknown,False,Unknown,3,64.5,15.0,2025-06
C02311,2025-02-15,Unknown,False,Unknown,1,18.0,,2025-02
C02314,2025-04-18,93063,True,Ventura,3,66.0,22.0,2025-04
C02316,2025-06-17,93004,True,Ventura,1,21.0,,2025-06
C02317,2025-09-05,93063,True,Ventura,4,86.0,13.0,2025-09
C02319,2025-12-06,93001,False,Ventura,1,54.0,,2025-12
C02323,2025-05-10,91301,False,Los Angeles,4,87.0,7.0,2025-05
C02327,2025-10-03,93010,True,Ventura,3,102.5,36.0,2025-10
C02328,2025-06-17,93035,True,Ventura,2,34.38,32.0,2025-06
C02329,2025-01-31,93030,False,Ventura,1,42.0,,2025-01
C02331,2025-01-15,93015,False,Ventura,1,18.0,,2025-01
C02334,2025-03-14,Unknown,True,Unknown,1,16.5,,2025-03
C02342,2025-01-05,93063,True,Ventura,9,247.0,6.0,2025-01
C02344,2025-09-27,93030,True,Ventura,1,58.0,,2025-09
C02346,2025-05-07,93010,True,Ventura,4,127.5,16.0,2025-05
C02347,2025-10-03,93060,False,Ventura,1,44.5,,2025-10
C02348,2025-01-17,91101,False,Los Angeles,11,301.8,14.0,2025-01
C02349,2025-08-02,91362,True,Ventura,2,41.0,116.0,2025-08
C02356,2025-03-07,93010,False,Ventura,1,18.0,,2025-03
C02359,2025-05-25,93036,False,Ventura,5,155.0,37.0,2025-05
C02360,2025-02-08,91362,True,Ventura,2,67.5,3.0,2025-02
C02361,2025-02-26,91360,False,Ventura,3,105.5,58.0,2025-02
C02362,2025-05-02,93010,True,Ventura,3,43.5,62.0,2025-05
C02364,2025-05-29,93003,False,Ventura,1,17.5,,2025-05
C02367,2025-02-08,93065,True,Ventura,4,131.9,6.0,2025-02
C02372,2025-11-15,91362,False,Ventura,1,18.5,,2025-11
C02376,2025-07-09,91360,True,Ventura,1,18.0,,2025-07
C02377,2025-06-27,93036,False,Ventura,2,28.0,8.0,2025-06
C02379,2025-02-01,91362,True,Ventura,9,225.7,15.0,2025-02
C02382,2025-02-22,93033,True,Ventura,8,226.0,5.0,2025-02
C02392,2025-06-21,93004,False,Ventura,1,14.0,,2025-06
C02398,2025-08-02,93065,True,Ventura,5,181.5,24.0,2025-08
C02399,2025-07-25,93004,True,Ventura,1,40.0,,2025-07
C02404,2025-01-09,93003,False,Ventura,3,78.5,219.0,2025-01
C02406,2025-03-28,93035,True,Ventura,5,80.5,49.0,2025-03
C02408,2025-03-29,93003,True,Ventura,2,82.5,48.0,2025-03
C02409,2025-08-22,Unknown,False,Unknown,2,39.0,42.0,2025-08
C02411,2025-06-29,93004,False,Ventura,1,41.0,,2025-06
C02413,2025-11-07,93065,False,Ventura,5,89.5,21.0,2025-11
C02415,2025-11-20,93063,False,Ventura,2,53.0,15.0,2025-11
C02419,2025-11-01,93035,True,Ventura,1,20.5,,2025-11
C02424,2025-04-11,Unknown,True,Unknown,17,528.0,13.0,2025-04
C02427,2025-06-03,93065,True,Ventura,17,490.0,17.0,2025-06
C02428,2025-07-05,93065,False,Ventura,1,41.5,,2025-07
C02430,2025-08-22,Unknown,False,Unknown,2,51.5,60.0,2025-08
C02436,2025-05-30,93003,False,Ventura,1,47.5,,2025-05
C02437,2025-03-07,91360,False,Ventura,1,12.5,,2025-03
C02438,2025-02-02,93036,False,Ventura,5,147.0,2.0,2025-02
C02439,2025-07-13,93065,False,Ventura,3,113.5,48.0,2025-07
C02446,2025-10-10,93063,False,Ventura,1,57.0,,2025-10
C02449,2025-12-11,91320,False,Ventura,1,47.5,,2025-12
C02450,2025-01-15,91362,False,Ventura,5,136.0,149.0,2025-01
C02458,2025-09-18,Unknown,True,Unknown,1,23.5,,2025-09
C02459,2025-03-09,93063,True,Ventura,1,21.0,,2025-03
C02465,2025-10-29,93060,True,Ventura,1,17.0,,2025-10
C02466,2025-01-24,91301,False,Los Angeles,1,17.5,,2025-01
C02467,2025-04-17,93004,False,Ventura,1,15.5,,2025-04
C02474,2025-06-04,91355,False,Los Angeles,2,33.0,22.0,2025-06
C02475,2025-01-17,93012,False,Ventura,3,108.5,35.0,2025-01
C02476,2025-01-02,93010,True,Ventura,14,418.5,44.0,2025-01
C02477,2025-01-30,91362,True,Ventura,17,400.15,21.0,2025-01
C02478,2025-07-26,93030,True,Ventura,7,255.5,1.0,2025-07
C02487,2025-01-05,91320,False,Ventura,2,50.0,79.0,2025-01
C02488,2025-01-28,93015,False,Ventura,2,63.0,26.0,2025-01
C02490,2025-07-17,Unknown,False,Unknown,6,127.5,15.0,2025-07
C02491,2025-08-29,93033,False,Ventura,2,48.0,14.0,2025-08
C02501,2025-12-12,93065,True,Ventura,2,64.58,14.0,2025-12
C02504,2025-03-28,Unknown,False,Unknown,1,17.5,,2025-03
C02505,2025-09-20,93003,True,Ventura,1,14.85,,2025-09
C02509,2025-10-09,93015,False,Ventura,1,16.5,,2025-10
C02510,2025-01-02,93003,False,Ventura,7,181.0,6.0,2025-01
C02512,2025-09-04,93001,False,Ventura,1,62.5,,2025-09
C02516,2025-12-13,91360,False,Ventura,1,25.0,,2025-12
C02517,2025-04-08,93033,True,Ventura,8,190.5,24.0,2025-04
C02523,2025-06-20,93001,False,Ventura,1,14.0,,2025-06
C02533,2025-09-11,93030,False,Ventura,3,85.5,15.0,2025-09
C02535,2025-07-15,93035,False,Ventura,5,93.5,80.0,2025-07
C02538,2025-05-25,91360,False,Ventura,8,275.0,3.0,2025-05
C02541,2025-02-23,93004,False,Ventura,1,17.5,,2025-02
C02543,2025-08-03,93030,False,Ventura,1,53.5,,2025-08
C02548,2025-06-13,93060,True,Ventura,14,338.75,30.0,2025-06
C02549,2025-09-12,93033,False,Ventura,2,64.0,77.0,2025-09
C02558,2025-07-25,93030,True,Ventura,2,57.5,91.0,2025-07
C02560,2025-06-26,93030,True,Ventura,1,22.5,,2025-06
C02566,2025-06-15,91360,False,Ventura,2,35.5,26.0,2025-06
C02567,2025-11-01,93021,True,Ventura,1,17.5,,2025-11
C02568,2025-06-07,93030,True,Ventura,5,116.5,20.0,2025-06
C02570,2025-05-04,91355,False,Los Angeles,2,66.0,89.0,2025-05
C02572,2025-10-25,Unknown,False,Unknown,1,18.0,,2025-10
C02574,2025-10-03,93012,False,Ventura,5,131.5,8.0,2025-10
C02578,2025-07-20,93033,False,Ventura,5,222.5,26.0,2025-07
C02583,2025-01-25,93004,True,Ventura,1,25.0,,2025-01
C02584,2025-01-03,93036,True,Ventura,2,40.5,2.0,2025-01
C02585,2025-01-12,93001,True,Ventura,27,969.75,12.0,2025-01
C02591,2025-04-04,93001,False,Ventura,1,33.5,,2025-04
C02595,2025-02-28,93010,True,Ventura,4,118.25,43.0,2025-02
C02606,2025-06-20,93030,True,Ventura,3,51.0,41.0,2025-06
C02607,2025-04-20,93036,False,Ventura,3,116.0,150.0,2025-04
C02608,2025-08-01,91360,True,Ventura,1,35.5,,2025-08
C02609,2025-07-13,93004,False,Ventura,2,75.0,20.0,2025-07
C02610,2025-03-28,93004,False,Ventura,1,22.0,,2025-03
C02612,2025-03-08,91381,False,Los Angeles,1,17.0,,2025-03
C02615,2025-05-13,93035,True,Ventura,16,363.25,11.0,2025-05
C02617,2025-03-23,91362,True,Ventura,3,47.5,18.0,2025-03
C02620,2025-09-06,93065,False,Ventura,1,17.5,,2025-09
C02621,2025-10-19,93065,False,Ventura,1,16.5,,2025-10
C02623,2025-11-19,93004,True,Ventura,4,144.0,23.0,2025-11
C02627,2025-01-16,93004,False,Ventura,1,18.0,,2025-01
C02628,2025-10-25,91101,False,Los Angeles,2,73.0,55.0,2025-10
C02630,2025-08-15,91362,True,Ventura,11,279.5,33.0,2025-08
C02631,2025-01-12,90802,True,Los Angeles,23,668.01,9.0,2025-01
C02632,2025-08-12,Unknown,False,Unknown,1,21.5,,2025-08
C02638,2025-02-20,91320,True,Ventura,1,17.5,,2025-02
C02641,2025-12-23,93012,False,Ventura,1,14.0,,2025-12
C02642,2025-07-04,93060,False,Ventura,3,128.0,6.0,2025-07
C02645,2025-03-16,91362,True,Ventura,10,391.0,3.0,2025-03
C02646,2025-08-10,93001,False,Ventura,2,68.7,25.0,2025-08
C02648,2025-11-14,93001,False,Ventura,2,37.5,34.0,2025-11
C02649,2025-10-17,93003,False,Ventura,1,16.5,,2025-10
C02650,2025-03-22,93033,False,Ventura,2,91.0,42.0,2025-03
C02652,2025-07-23,93035,False,Ventura,2,67.0,27.0,2025-07
C02654,2025-11-21,93012,False,Ventura,1,19.5,,2025-11
C02657,2025-07-05,Unknown,False,Unknown,1,20.5,,2025-07
C02658,2025-04-08,93065,False,Ventura,2,52.5,106.0,2025-04
C02659,2025-01-02,93003,True,Ventura,11,356.13,57.0,2025-01
C02660,2025-08-28,91362,True,Ventura,1,35.0,,2025-08
C02661,2025-02-08,91320,False,Ventura,2,46.5,91.0,2025-02
C02663,2025-02-23,93063,False,Ventura,3,127.5,12.0,2025-02
C02664,2025-12-27,93021,True,Ventura,1,18.5,,2025-12
C02665,2025-11-19,93003,False,Ventura,2,41.0,16.0,2025-11
C02666,2025-05-31,Unknown,False,Unknown,1,18.0,,2025-05
C02676,2025-02-01,93010,False,Ventura,3,56.5,24.0,2025-02
C02678,2025-09-28,93001,False,Ventura,1,14.0,,2025-09
C02685,2025-02-20,93030,True,Ventura,9,224.35,61.0,2025-02
C02687,2025-11-01,93015,True,Ventura,3,58.5,42.0,2025-11
C02689,2025-10-17,93021,True,Ventura,1,25.0,,2025-10
C02693,2025-12-20,91362,False,Ventura,2,51.0,0.0,2025-12
C02696,2025-01-31,93001,True,Ventura,6,160.6,99.0,2025-01
C02700,2025-07-04,93021,False,Ventura,1,47.0,,2025-07
C02702,2025-07-19,93036,False,Ventura,1,28.05,,2025-07
C02703,2025-10-10,91320,False,Ventura,3,91.5,27.0,2025-10
C02704,2025-04-05,93003,False,Ventura,1,12.5,,2025-04
C02705,2025-02-15,91360,False,Ventura,1,19.0,,2025-02
C02707,2025-04-11,93010,False,Ventura,6,173.0,0.0,2025-04
C02711,2025-09-16,93030,False,Ventura,1,17.0,,2025-09
C02713,2025-02-01,93030,True,Ventura,3,59.2,13.0,2025-02
C02714,2025-02-09,93030,True,Ventura,6,137.5,34.0,2025-02
C02716,2025-03-15,93033,True,Ventura,4,114.5,8.0,2025-03
C02717,2025-03-04,90802,False,Los Angeles,4,121.5,8.0,2025-03
C02719,2025-12-05,91381,True,Los Angeles,1,56.0,,2025-12
C02721,2025-11-07,93030,False,Ventura,1,17.5,,2025-11
C02726,2025-04-05,93035,False,Ventura,2,89.5,126.0,2025-04
C02728,2025-08-10,93021,True,Ventura,5,104.5,14.0,2025-08
C02732,2025-12-13,93003,True,Ventura,1,17.0,,2025-12
C02736,2025-05-31,93021,False,Ventura,3,96.5,38.0,2025-05
C02737,2025-10-25,93030,True,Ventura,9,261.0,0.0,2025-10
C02739,2025-06-22,93012,False,Ventura,2,64.0,27.0,2025-06
C02740,2025-05-08,93012,False,Ventura,1,18.0,,2025-05
C02741,2025-05-13,93035,True,Ventura,1,15.5,,2025-05
C02745,2025-07-19,93001,False,Ventura,1,11.0,,2025-07
C02749,2025-05-25,93033,False,Ventura,2,85.5,97.0,2025-05
C02754,2025-07-26,91301,True,Los Angeles,2,40.0,49.0,2025-07
C02756,2025-03-29,93001,False,Ventura,1,12.5,,2025-03
C02760,2025-12-18,93035,False,Ventura,1,17.5,,2025-12
C02761,2025-11-29,91381,False,Los Angeles,1,18.0,,2025-11
C02763,2025-12-28,93004,True,Ventura,1,55.0,,2025-12
C02765,2025-01-24,Unknown,True,Unknown,1,9.5,,2025-01
C02766,2025-04-06,93003,False,Ventura,1,17.5,,2025-04
C02767,2025-07-16,93060,False,Ventura,1,72.0,,2025-07
C02768,2025-12-04,93060,False,Ventura,1,21.0,,2025-12
C02769,2025-07-12,93065,False,Ventura,1,18.0,,2025-07
C02771,2025-01-11,93010,True,Ventura,1,18.0,,2025-01
C02772,2025-10-11,93012,False,Ventura,3,109.5,7.0,2025-10
C02774,2025-04-17,93065,True,Ventura,2,45.1,92.0,2025-04
C02775,2025-10-22,93030,False,Ventura,2,30.0,41.0,2025-10
C02776,2025-01-08,93065,False,Ventura,6,178.5,1.0,2025-01
C02781,2025-09-05,93001,True,Ventura,5,102.0,64.0,2025-09
C02782,2025-10-30,93001,True,Ventura,1,14.0,,2025-10
C02783,2025-05-30,93001,False,Ventura,2,43.0,120.0,2025-05
C02785,2025-05-02,93004,True,Ventura,2,74.5,14.0,2025-05
C02787,2025-02-04,93035,False,Ventura,1,50.0,,2025-02
C02789,2025-11-01,93001,False,Ventura,1,19.5,,2025-11
C02790,2025-05-16,93001,False,Ventura,3,63.5,40.0,2025-05
C02792,2025-04-05,93060,True,Ventura,7,173.0,34.0,2025-04
C02793,2025-06-28,93030,False,Ventura,3,88.03,13.0,2025-06
C02795,2025-02-08,91381,False,Los Angeles,1,56.5,,2025-02
C02801,2025-02-01,93063,False,Ventura,3,73.5,29.0,2025-02
C02803,2025-01-04,93010,True,Ventura,15,377.0,14.0,2025-01
C02804,2025-11-14,93036,False,Ventura,1,35.5,,2025-11
C02805,2025-09-19,93030,True,Ventura,2,78.5,15.0,2025-09
C02806,2025-05-17,91101,True,Los Angeles,3,92.0,73.0,2025-05
C02807,2025-04-30,93035,False,Ventura,6,162.0,50.0,2025-04
C02808,2025-11-30,93015,False,Ventura,2,57.5,20.0,2025-11
C02812,2025-12-21,91381,False,Los Angeles,1,19.5,,2025-12
C02816,2025-06-13,93035,False,Ventura,3,96.5,98.0,2025-06
C02817,2025-01-23,93060,True,Ventura,54,1676.7,2.0,2025-01
C02818,2025-04-29,93010,False,Ventura,7,209.5,45.0,2025-04
C02821,2025-10-03,93036,True,Ventura,8,206.2,6.0,2025-10
C02823,2025-01-02,93063,True,Ventura,4,122.85,51.0,2025-01
C02829,2025-01-09,93015,False,Ventura,1,62.5,,2025-01
C02833,2025-03-22,91311,False,Los Angeles,7,242.0,20.0,2025-03
C02834,2025-06-04,93010,False,Ventura,1,17.5,,2025-06
C02835,2025-12-19,91355,False,Los Angeles,1,17.0,,2025-12
C02838,2025-07-08,93015,True,Ventura,18,449.2,7.0,2025-07
C02839,2025-05-31,93012,False,Ventura,2,59.5,64.0,2025-05
C02840,2025-10-11,91362,True,Ventura,1,113.0,,2025-10
C02842,2025-02-08,93030,False,Ventura,1,35.5,,2025-02
C02845,2025-08-14,91360,True,Ventura,5,120.03,8.0,2025-08
C02849,2025-10-25,91301,False,Los Angeles,1,40.5,,2025-10
C02851,2025-08-01,93065,False,Ventura,1,58.0,,2025-08
C02852,2025-05-02,93033,False,Ventura,3,69.5,14.0,2025-05
C02855,2025-06-11,93010,False,Ventura,3,71.5,8.0,2025-06
C02863,2025-05-16,93021,False,Ventura,1,13.5,,2025-05
C02864,2025-12-12,91362,True,Ventura,1,20.0,,2025-12
C02866,2025-01-08,91362,True,Ventura,7,205.5,42.0,2025-01
C02872,2025-02-15,93021,False,Ventura,1,47.5,,2025-02
C02873,2025-06-29,91360,True,Ventura,2,59.5,117.0,2025-06
C02876,2025-01-05,93004,True,Ventura,8,234.5,5.0,2025-01
C02877,2025-07-23,91381,True,Los Angeles,1,18.27,,2025-07
C02878,2025-04-19,93004,False,Ventura,1,22.0,,2025-04
C02880,2025-01-05,93003,True,Ventura,17,400.4,70.0,2025-01
C02881,2025-04-08,91381,True,Los Angeles,9,218.62,7.0,2025-04
C02882,2025-01-18,93033,True,Ventura,3,167.0,22.0,2025-01
C02883,2025-06-14,93036,False,Ventura,1,19.5,,2025-06
C02884,2025-03-07,93030,False,Ventura,2,40.0,11.0,2025-03
C02888,2025-08-07,93036,False,Ventura,1,11.0,,2025-08
C02889,2025-03-09,93004,True,Ventura,4,110.5,96.0,2025-03
C02890,2025-07-25,93030,True,Ventura,1,41.0,,2025-07
C02891,2025-08-13,93033,True,Ventura,3,51.0,48.0,2025-08
C02894,2025-01-02,Unknown,False,Unknown,8,204.5,127.0,2025-01
C02895,2025-02-23,93035,False,Ventura,17,466.2,20.0,2025-02
C02900,2025-07-27,93003,False,Ventura,3,76.5,21.0,2025-07
C02905,2025-05-11,93003,False,Ventura,9,252.0,20.0,2025-05
C02908,2025-02-08,93010,True,Ventura,4,69.1,55.0,2025-02
C02909,2025-02-08,93030,False,Ventura,2,117.0,29.0,2025-02
C02912,2025-05-31,93010,True,Ventura,10,269.5,33.0,2025-05
C02917,2025-06-20,93010,True,Ventura,4,158.5,29.0,2025-06
C02919,2025-07-04,91362,True,Ventura,2,72.55,4.0,2025-07
C02922,2025-01-17,93012,True,Ventura,6,275.5,105.0,2025-01
C02924,2025-01-03,93030,False,Ventura,5,174.0,14.0,2025-01
C02925,2025-09-05,93030,True,Ventura,1,83.0,,2025-09
C02929,2025-05-15,91381,False,Los Angeles,3,80.95,66.0,2025-05
C02931,2025-05-25,91101,False,Los Angeles,2,65.0,35.0,2025-05
C02936,2025-08-30,91362,False,Ventura,3,93.5,14.0,2025-08
C02938,2025-03-25,93065,True,Ventura,4,166.5,87.0,2025-03
C02940,2025-01-04,93004,True,Ventura,2,39.5,127.0,2025-01
C02947,2025-09-05,93063,False,Ventura,2,63.5,7.0,2025-09
C02950,2025-04-18,93035,False,Ventura,5,85.0,0.0,2025-04
C02951,2025-08-17,93004,True,Ventura,1,19.8,,2025-08
C02952,2025-01-18,91381,False,Los Angeles,2,48.0,27.0,2025-01
C02953,2025-05-27,91360,True,Ventura,10,235.5,2.0,2025-05
C02957,2025-07-29,93036,True,Ventura,1,30.0,,2025-07
C02958,2025-05-16,93030,True,Ventura,1,34.5,,2025-05
C02959,2025-01-24,93065,True,Ventura,5,176.62,53.0,2025-01
C02962,2025-01-10,93021,False,Ventura,8,192.5,20.0,2025-01
C02965,2025-03-22,91320,True,Ventura,12,274.5,17.0,2025-03
C02967,2025-05-22,93021,False,Ventura,1,21.0,,2025-05
C02968,2025-07-19,93030,True,Ventura,3,71.0,3.0,2025-07
C02971,2025-07-05,93063,False,Ventura,4,169.0,25.0,2025-07
C02973,2025-03-07,93036,True,Ventura,8,273.5,93.0,2025-03
C02975,2025-08-16,91360,False,Ventura,1,31.0,,2025-08
C02979,2025-08-02,91362,False,Ventura,1,24.0,,2025-08
C02981,2025-08-08,91311,False,Los Angeles,1,17.5,,2025-08
C02983,2025-03-21,91362,True,Ventura,2,92.0,44.0,2025-03
C02985,2025-09-05,91301,True,Los Angeles,13,437.5,7.0,2025-09
C02989,2025-11-08,91362,True,Ventura,3,51.5,28.0,2025-11
C02991,2025-02-28,93033,False,Ventura,1,14.5,,2025-02
C02995,2025-01-21,93003,False,Ventura,6,148.5,7.0,2025-01
C02997,2025-01-24,93003,False,Ventura,1,28.0,,2025-01
C02998,2025-01-02,93001,True,Ventura,22,608.17,31.0,2025-01
C02999,2025-07-20,91301,False,Los Angeles,1,17.5,,2025-07
C03001,2025-05-02,93001,False,Ventura,2,59.0,8.0,2025-05
C03002,2025-07-11,93033,False,Ventura,1,26.0,,2025-07
C03003,2025-12-20,93010,True,Ventura,1,61.0,,2025-12
C03008,2025-01-02,93010,True,Ventura,19,569.51,68.0,2025-01
C03009,2025-08-09,91360,True,Ventura,1,40.0,,2025-08
C03010,2025-02-14,93004,False,Ventura,3,92.0,49.0,2025-02
C03011,2025-05-09,93012,True,Ventura,3,68.5,34.0,2025-05
C03014,2025-06-20,93004,False,Ventura,1,20.0,,2025-06
C03021,2025-06-20,93033,False,Ventura,1,34.0,,2025-06
C03022,2025-09-05,93030,False,Ventura,3,92.1,2.0,2025-09
C03029,2025-09-02,93021,False,Ventura,1,13.5,,2025-09
C03031,2025-09-11,Unknown,False,Unknown,1,24.0,,2025-09
C03032,2025-05-11,93030,True,Ventura,11,258.0,9.0,2025-05
C03033,2025-03-09,93010,True,Ventura,9,262.6,4.0,2025-03
C03034,2025-08-07,93060,True,Ventura,2,44.0,13.0,2025-08
C03036,2025-08-02,93015,False,Ventura,2,62.5,66.0,2025-08
C03038,2025-01-03,93012,True,Ventura,7,181.8,14.0,2025-01
C03039,2025-10-15,93030,True,Ventura,5,117.5,11.0,2025-10
C03040,2025-04-01,93036,False,Ventura,5,139.55,11.0,2025-04
C03044,2025-06-29,93001,False,Ventura,2,44.0,31.0,2025-06
C03046,2025-01-10,93033,False,Ventura,10,271.5,2.0,2025-01
C03048,2025-04-05,93012,False,Ventura,2,100.0,34.0,2025-04
C03051,2025-03-20,91362,False,Ventura,1,18.0,,2025-03
C03052,2025-03-28,93030,True,Ventura,2,58.0,88.0,2025-03
C03054,2025-01-26,93010,False,Ventura,1,13.5,,2025-01
C03056,2025-01-05,93033,False,Ventura,3,51.0,26.0,2025-01
C03058,2025-02-01,91301,True,Los Angeles,23,612.5,21.0,2025-02
C03059,2025-07-26,93001,True,Ventura,2,55.0,63.0,2025-07
C03063,2025-01-17,Unknown,True,Unknown,7,155.0,0.0,2025-01
C03064,2025-11-28,93065,False,Ventura,1,41.0,,2025-11
C03071,2025-07-06,93063,True,Ventura,2,39.0,76.0,2025-07
C03073,2025-06-19,93001,False,Ventura,9,244.0,6.0,2025-06
C03080,2025-03-21,93001,True,Ventura,4,94.0,14.0,2025-03
C03085,2025-08-16,93065,False,Ventura,1,32.0,,2025-08
C03086,2025-05-02,93036,False,Ventura,1,36.0,,2025-05
C03098,2025-02-07,Unknown,False,Unknown,1,18.0,,2025-02
C03099,2025-03-05,91360,True,Ventura,2,49.5,38.0,2025-03
C03100,2025-11-30,93012,True,Ventura,1,18.0,,2025-11
C03101,2025-05-16,93003,False,Ventura,1,29.0,,2025-05
C03102,2025-04-01,91320,True,Ventura,2,90.5,25.0,2025-04
C03109,2025-12-12,Unknown,True,Unknown,1,15.3,,2025-12
C03113,2025-04-16,93004,False,Ventura,4,133.5,81.0,2025-04
C03119,2025-09-16,93004,True,Ventura,2,106.0,24.0,2025-09
C03120,2025-10-24,93021,True,Ventura,2,35.5,1.0,2025-10
C03123,2025-07-13,Unknown,False,Unknown,8,284.5,2.0,2025-07
C03125,2025-09-17,93004,True,Ventura,8,282.55,2.0,2025-09
C03126,2025-07-08,93060,True,Ventura,4,104.58,7.0,2025-07
C03130,2025-11-23,91355,False,Los Angeles,1,49.5,,2025-11
C03133,2025-01-19,93012,True,Ventura,5,118.0,5.0,2025-01
C03137,2025-12-17,93001,False,Ventura,1,42.5,,2025-12
C03138,2025-06-21,93063,True,Ventura,12,431.5,7.0,2025-06
C03140,2025-02-09,93003,False,Ventura,7,139.5,9.0,2025-02
C03143,2025-12-19,93012,False,Ventura,1,18.0,,2025-12
C03145,2025-11-09,93036,False,Ventura,1,55.0,,2025-11
C03146,2025-07-25,93001,False,Ventura,5,199.0,44.0,2025-07
C03150,2025-08-24,91360,True,Ventura,4,106.0,2.0,2025-08
C03151,2025-06-05,93010,True,Ventura,2,77.5,1.0,2025-06
C03152,2025-12-07,93010,False,Ventura,1,18.0,,2025-12
C03154,2025-03-29,91301,True,Los Angeles,8,202.7,88.0,2025-03
C03156,2025-07-01,91320,False,Ventura,2,40.5,4.0,2025-07
C03157,2025-01-04,93033,True,Ventura,18,419.5,6.0,2025-01
C03160,2025-05-28,93012,False,Ventura,19,447.5,2.0,2025-05
C03161,2025-08-15,93033,False,Ventura,1,54.0,,2025-08
C03163,2025-01-03,93030,True,Ventura,6,210.5,13.0,2025-01
C03164,2025-03-15,93010,False,Ventura,2,65.0,6.0,2025-03
C03166,2025-07-11,93065,False,Ventura,1,30.0,,2025-07
C03169,2025-02-14,93063,True,Ventura,1,21.0,,2025-02
C03170,2025-08-30,93036,False,Ventura,1,20.5,,2025-08
C03172,2025-11-02,91355,False,Los Angeles,1,17.0,,2025-11
C03175,2025-08-09,93004,False,Ventura,4,173.0,26.0,2025-08
C03177,2025-07-08,93010,False,Ventura,1,45.0,,2025-07
C03179,2025-08-15,93015,True,Ventura,1,79.5,,2025-08
C03181,2025-03-21,93010,False,Ventura,13,394.0,22.0,2025-03
C03182,2025-01-24,93003,True,Ventura,2,35.5,91.0,2025-01
C03186,2025-01-18,93021,True,Ventura,8,197.88,36.0,2025-01
C03188,2025-07-18,93065,False,Ventura,5,163.0,1.0,2025-07
C03198,2025-05-07,91301,True,Los Angeles,6,156.5,44.0,2025-05
C03204,2025-01-10,93030,False,Ventura,8,206.5,29.0,2025-01
C03207,2025-09-26,91320,True,Ventura,1,18.0,,2025-09
C03208,2025-05-03,93036,True,Ventura,8,235.0,41.0,2025-05
C03210,2025-10-15,93015,True,Ventura,4,80.45,2.0,2025-10
C03213,2025-04-06,93003,False,Ventura,1,14.0,,2025-04
C03214,2025-10-07,93010,False,Ventura,1,22.5,,2025-10
C03218,2025-01-10,91381,True,Los Angeles,13,264.0,12.0,2025-01
C03220,2025-06-08,93003,False,Ventura,4,96.5,124.0,2025-06
C03221,2025-04-29,91360,True,Ventura,6,217.5,66.0,2025-04
C03222,2025-12-07,91362,False,Ventura,1,17.5,,2025-12
C03223,2025-09-21,Unknown,False,Unknown,4,104.0,14.0,2025-09
C03225,2025-05-18,93003,True,Ventura,3,108.0,4.0,2025-05
C03226,2025-02-01,91362,False,Ventura,1,18.0,,2025-02
C03227,2025-08-09,93063,False,Ventura,1,22.0,,2025-08
C03238,2025-01-05,93035,True,Ventura,1,18.0,,2025-01
C03243,2025-09-28,93004,False,Ventura,2,40.6,13.0,2025-09
C03248,2025-10-17,91381,False,Los Angeles,2,47.0,14.0,2025-10
C03250,2025-03-30,93004,False,Ventura,1,72.0,,2025-03
C03253,2025-02-07,93001,True,Ventura,11,325.5,16.0,2025-02
C03255,2025-10-03,Unknown,True,Unknown,1,49.3,,2025-10
C03263,2025-07-22,93060,True,Ventura,17,395.43,5.0,2025-07
C03266,2025-07-19,91381,True,Los Angeles,1,26.5,,2025-07
C03267,2025-01-04,93012,True,Ventura,4,90.5,54.0,2025-01
C03270,2025-01-31,93063,True,Ventura,3,67.35,15.0,2025-01
C03273,2025-06-27,Unknown,False,Unknown,6,176.5,37.0,2025-06
C03275,2025-07-20,93012,False,Ventura,2,52.5,33.0,2025-07
C03278,2025-11-26,93030,False,Ventura,1,12.5,,2025-11
C03279,2025-02-21,93033,False,Ventura,1,35.5,,2025-02
C03280,2025-06-26,93033,True,Ventura,1,18.0,,2025-06
C03281,2025-01-03,91360,False,Ventura,4,153.0,0.0,2025-01
C03282,2025-02-25,Unknown,True,Unknown,7,198.45,2.0,2025-02
C03283,2025-07-02,91362,True,Ventura,4,101.0,55.0,2025-07
C03285,2025-12-27,91360,True,Ventura,1,21.0,,2025-12
C03288,2025-04-04,93065,False,Ventura,5,90.0,81.0,2025-04
C03296,2025-07-04,93012,False,Ventura,2,98.5,21.0,2025-07
C03297,2025-05-07,93035,False,Ventura,1,21.0,,2025-05
C03298,2025-01-03,91362,False,Ventura,10,397.8,19.0,2025-01
C03299,2025-03-18,91360,False,Ventura,4,70.5,38.0,2025-03
C03300,2025-08-23,93004,True,Ventura,1,20.5,,2025-08
C03307,2025-08-03,93001,True,Ventura,6,147.8,28.0,2025-08
C03308,2025-01-12,91360,True,Ventura,21,653.2,19.0,2025-01
C03309,2025-09-25,93036,False,Ventura,2,33.0,1.0,2025-09
C03310,2025-10-19,93004,True,Ventura,4,61.5,14.0,2025-10
C03318,2025-02-08,91320,True,Ventura,3,61.5,42.0,2025-02
C03322,2025-11-20,91320,False,Ventura,1,31.0,,2025-11
C03324,2025-11-09,93003,False,Ventura,1,35.5,,2025-11
C03327,2025-01-31,93003,False,Ventura,7,163.7,23.0,2025-01
C03332,2025-01-05,91360,True,Ventura,17,491.0,12.0,2025-01
C03333,2025-10-31,93010,True,Ventura,2,45.5,21.0,2025-10
C03334,2025-11-15,93001,True,Ventura,1,29.0,,2025-11
C03339,2025-01-12,Unknown,True,Unknown,16,495.53,5.0,2025-01
C03343,2025-01-14,93001,True,Ventura,1,20.5,,2025-01
C03350,2025-01-15,91360,False,Ventura,1,36.5,,2025-01
C03355,2025-01-09,93001,False,Ventura,1,19.0,,2025-01
C03357,2025-02-14,93010,False,Ventura,7,190.5,1.0,2025-02
C03358,2025-11-21,93001,False,Ventura,1,33.5,,2025-11
C03362,2025-06-13,93021,False,Ventura,14,387.0,1.0,2025-06
C03365,2025-01-05,93001,False,Ventura,1,18.0,,2025-01
C03367,2025-03-12,93065,False,Ventura,2,39.0,18.0,2025-03
C03370,2025-08-24,91301,False,Los Angeles,2,34.5,82.0,2025-08
C03372,2025-07-11,91301,True,Los Angeles,3,65.5,19.0,2025-07
C03373,2025-10-11,93003,False,Ventura,1,56.5,,2025-10
C03378,2025-06-13,93035,False,Ventura,2,60.5,47.0,2025-06
C03380,2025-10-31,93030,False,Ventura,2,74.0,57.0,2025-10
C03381,2025-02-11,93063,True,Ventura,4,130.05,36.0,2025-02
C03383,2025-03-26,93036,False,Ventura,1,36.5,,2025-03
C03384,2025-04-20,91311,False,Los Angeles,1,17.5,,2025-04
C03386,2025-02-05,91101,False,Los Angeles,1,17.5,,2025-02
C03387,2025-08-09,93004,False,Ventura,3,65.0,3.0,2025-08
C03390,2025-12-23,Unknown,True,Unknown,1,11.0,,2025-12
C03394,2025-05-11,91362,True,Ventura,12,316.5,0.0,2025-05
C03395,2025-01-31,93035,False,Ventura,1,20.5,,2025-01
C03398,2025-03-29,Unknown,True,Unknown,7,151.2,7.0,2025-03
C03399,2025-10-19,93065,False,Ventura,1,18.0,,2025-10
C03401,2025-01-04,93033,True,Ventura,2,34.5,7.0,2025-01
C03402,2025-01-09,93065,False,Ventura,4,127.5,23.0,2025-01
C03403,2025-12-05,93035,False,Ventura,2,56.0,9.0,2025-12
C03408,2025-06-13,91355,True,Los Angeles,2,63.0,67.0,2025-06
C03414,2025-04-09,93035,True,Ventura,3,71.0,9.0,2025-04
C03419,2025-01-05,93033,True,Ventura,3,89.5,40.0,2025-01
C03420,2025-09-20,91362,False,Ventura,2,72.5,3.0,2025-09
C03421,2025-03-04,93003,False,Ventura,3,59.0,7.0,2025-03
C03422,2025-07-11,91362,False,Ventura,3,114.5,116.0,2025-07
C03424,2025-01-11,93015,False,Ventura,6,162.5,25.0,2025-01
C03425,2025-06-20,93030,True,Ventura,2,119.0,63.0,2025-06
C03428,2025-02-06,91360,False,Ventura,1,16.5,,2025-02
C03431,2025-04-25,93065,False,Ventura,2,43.5,95.0,2025-04
C03432,2025-10-31,93060,False,Ventura,1,37.5,,2025-10
C03434,2025-03-22,91320,True,Ventura,2,92.0,69.0,2025-03
C03435,2025-07-04,93060,True,Ventura,1,32.0,,2025-07
C03439,2025-09-20,91362,True,Ventura,1,41.5,,2025-09
C03441,2025-03-26,93001,True,Ventura,1,35.5,,2025-03
C03442,2025-08-01,91360,True,Ventura,3,86.0,15.0,2025-08
C03443,2025-06-20,91320,True,Ventura,1,18.0,,2025-06
C03444,2025-09-09,93036,False,Ventura,1,30.0,,2025-09
C03445,2025-10-28,93003,False,Ventura,2,33.0,21.0,2025-10
C03452,2025-12-18,93030,False,Ventura,1,17.5,,2025-12
C03458,2025-04-27,91301,False,Los Angeles,2,35.5,98.0,2025-04
C03460,2025-04-11,91301,False,Los Angeles,1,18.5,,2025-04
C03461,2025-10-03,93065,False,Ventura,1,12.5,,2025-10
C03463,2025-01-15,93033,True,Ventura,1,39.5,,2025-01
C03464,2025-07-23,93012,True,Ventura,1,23.5,,2025-07
C03465,2025-01-31,93030,False,Ventura,1,14.0,,2025-01
C03467,2025-06-01,91381,False,Los Angeles,3,62.0,23.0,2025-06
C03471,2025-10-09,93010,False,Ventura,1,53.5,,2025-10
C03474,2025-02-02,93012,False,Ventura,7,150.5,0.0,2025-02
C03484,2025-06-17,91360,False,Ventura,1,18.0,,2025-06
C03489,2025-12-26,91320,True,Ventura,1,35.0,,2025-12
C03492,2025-04-03,93065,True,Ventura,3,76.5,27.0,2025-04
C03499,2025-10-04,93030,False,Ventura,1,20.5,,2025-10
C03501,2025-07-19,93012,False,Ventura,1,18.0,,2025-07
C03502,2025-02-23,91320,False,Ventura,1,71.0,,2025-02
C03503,2025-05-16,93030,True,Ventura,1,18.0,,2025-05
C03512,2025-10-18,93035,False,Ventura,1,41.0,,2025-10
C03515,2025-04-02,93021,False,Ventura,1,36.0,,2025-04
C03522,2025-02-28,93065,False,Ventura,3,87.0,120.0,2025-02
C03523,2025-04-25,93012,True,Ventura,2,34.5,63.0,2025-04
C03537,2025-08-12,93033,True,Ventura,1,25.0,,2025-08
C03538,2025-12-02,91320,False,Ventura,1,38.5,,2025-12
C03540,2025-08-02,91360,False,Ventura,3,41.0,41.0,2025-08
C03543,2025-09-05,93030,False,Ventura,2,51.5,5.0,2025-09
C03546,2025-04-10,93036,False,Ventura,2,116.5,12.0,2025-04
C03553,2025-08-06,93001,False,Ventura,1,23.5,,2025-08
C03554,2025-08-20,93035,False,Ventura,2,57.5,44.0,2025-08
C03558,2025-12-06,93012,False,Ventura,1,18.0,,2025-12
C03562,2025-06-13,93035,False,Ventura,1,20.5,,2025-06
C03572,2025-08-15,93001,True,Ventura,1,41.5,,2025-08
C03575,2025-01-03,93036,False,Ventura,4,168.0,69.0,2025-01
C03578,2025-02-14,91362,True,Ventura,4,106.5,96.0,2025-02
C03579,2025-10-31,93036,False,Ventura,1,13.0,,2025-10
C03583,2025-03-22,91362,False,Ventura,1,35.5,,2025-03
C03590,2025-11-25,93021,True,Ventura,1,39.5,,2025-11
C03594,2025-02-07,91360,True,Ventura,23,640.95,30.0,2025-02
C03596,2025-07-19,93004,False,Ventura,1,18.0,,2025-07
C03599,2025-03-05,Unknown,False,Unknown,1,105.5,,2025-03
C03607,2025-09-24,93004,True,Ventura,6,182.1,2.0,2025-09
C03609,2025-07-20,93063,True,Ventura,8,280.6,47.0,2025-07
C03613,2025-06-13,93063,False,Ventura,1,20.0,,2025-06
C03617,2025-08-31,93030,False,Ventura,3,65.5,33.0,2025-08
C03618,2025-12-06,93001,True,Ventura,1,38.0,,2025-12
C03620,2025-12-28,93033,False,Ventura,1,58.0,,2025-12
C03622,2025-01-18,91311,True,Los Angeles,13,361.0,17.0,2025-01
C03624,2025-01-05,93030,False,Ventura,1,19.5,,2025-01
C03630,2025-12-11,93030,True,Ventura,1,17.0,,2025-12
C03632,2025-02-07,93033,False,Ventura,9,278.0,84.0,2025-02
C03634,2025-04-01,91320,False,Ventura,1,18.0,,2025-04
C03636,2025-01-09,93010,True,Ventura,1,80.0,,2025-01
C03639,2025-06-21,93012,False,Ventura,7,284.5,27.0,2025-06
C03643,2025-11-02,93036,False,Ventura,1,17.5,,2025-11
C03647,2025-01-15,93001,False,Ventura,2,64.5,20.0,2025-01
C03649,2025-07-31,Unknown,True,Unknown,10,245.5,31.0,2025-07
C03650,2025-07-23,93012,False,Ventura,1,18.0,,2025-07
C03651,2025-03-01,93010,True,Ventura,13,410.8,1.0,2025-03
C03652,2025-10-30,93033,True,Ventura,1,69.5,,2025-10
C03654,2025-06-17,93021,True,Ventura,2,38.0,10.0,2025-06
C03657,2025-11-28,91355,True,Los Angeles,1,20.5,,2025-11
C03661,2025-02-02,93001,True,Ventura,16,500.7,11.0,2025-02
C03662,2025-12-26,93004,False,Ventura,1,21.0,,2025-12
C03663,2025-10-30,93036,False,Ventura,1,63.5,,2025-10
C03665,2025-02-28,91320,True,Ventura,1,17.5,,2025-02
C03668,2025-09-26,93035,True,Ventura,1,24.5,,2025-09
C03670,2025-01-31,93010,False,Ventura,2,31.0,53.0,2025-01
C03677,2025-02-12,91320,False,Ventura,2,49.45,8.0,2025-02
C03679,2025-04-11,93063,True,Ventura,7,191.5,14.0,2025-04
C03685,2025-04-23,93033,True,Ventura,2,35.0,23.0,2025-04
C03686,2025-01-04,91381,True,Los Angeles,26,772.5,20.0,2025-01
C03689,2025-01-29,93010,False,Ventura,5,215.5,0.0,2025-01
C03694,2025-07-19,93004,False,Ventura,1,32.0,,2025-07
C03696,2025-07-16,90802,False,Los Angeles,1,17.5,,2025-07
C03699,2025-03-28,93060,True,Ventura,8,286.1,22.0,2025-03
C03700,2025-08-08,93001,False,Ventura,1,18.0,,2025-08
C03702,2025-08-03,93035,True,Ventura,1,58.0,,2025-08
C03705,2025-07-18,93060,True,Ventura,10,298.0,7.0,2025-07
C03708,2025-01-08,91355,False,Los Angeles,4,91.5,7.0,2025-01
C03711,2025-01-03,Unknown,False,Unknown,7,203.5,28.0,2025-01
C03712,2025-11-29,93010,False,Ventura,1,14.0,,2025-11
C03714,2025-07-02,93065,False,Ventura,1,35.5,,2025-07
C03715,2025-08-06,91301,False,Los Angeles,2,28.5,2.0,2025-08
C03716,2025-06-13,93030,False,Ventura,10,245.5,42.0,2025-06
C03720,2025-12-11,91362,False,Ventura,1,57.0,,2025-12
C03723,2025-08-16,91320,False,Ventura,1,37.0,,2025-08
C03725,2025-08-03,93010,False,Ventura,1,18.5,,2025-08
C03726,2025-10-05,93063,False,Ventura,1,12.5,,2025-10
C03730,2025-08-22,91301,False,Los Angeles,2,35.0,0.0,2025-08
C03734,2025-03-21,93003,False,Ventura,2,49.5,39.0,2025-03
C03735,2025-06-26,93003,True,Ventura,1,53.0,,2025-06
C03737,2025-04-27,93010,True,Ventura,25,737.83,12.0,2025-04
C03744,2025-06-15,93030,False,Ventura,1,18.0,,2025-06
C03750,2025-07-19,93030,True,Ventura,2,43.0,29.0,2025-07
C03755,2025-09-07,93004,False,Ventura,1,63.0,,2025-09
C03756,2025-07-27,93001,False,Ventura,2,33.0,95.0,2025-07
C03757,2025-11-14,93033,True,Ventura,3,91.5,9.0,2025-11
C03760,2025-08-01,93063,True,Ventura,1,35.0,,2025-08
C03761,2025-08-02,93010,False,Ventura,1,17.0,,2025-08
C03763,2025-01-23,93035,True,Ventura,8,199.0,9.0,2025-01
C03764,2025-02-14,91360,True,Ventura,17,391.45,14.0,2025-02
C03765,2025-04-02,93030,True,Ventura,3,78.5,90.0,2025-04
C03767,2025-01-25,90802,False,Los Angeles,2,51.0,13.0,2025-01
C03773,2025-05-23,93010,False,Ventura,1,22.5,,2025-05
C03774,2025-05-08,93065,False,Ventura,8,261.75,1.0,2025-05
C03778,2025-10-17,93036,True,Ventura,2,52.0,44.0,2025-10
C03780,2025-05-23,93010,False,Ventura,1,12.5,,2025-05
C03781,2025-07-11,91362,True,Ventura,2,62.5,22.0,2025-07
C03782,2025-09-27,93001,False,Ventura,1,13.0,,2025-09
C03787,2025-05-22,90802,False,Los Angeles,6,122.5,41.0,2025-05
C03791,2025-06-27,93001,True,Ventura,1,12.5,,2025-06
C03792,2025-08-30,91360,False,Ventura,1,19.0,,2025-08
C03794,2025-12-24,Unknown,True,Unknown,1,34.0,,2025-12
C03796,2025-11-12,91360,False,Ventura,1,36.0,,2025-11
C03797,2025-03-28,91320,False,Ventura,2,47.0,26.0,2025-03
C03798,2025-11-20,93063,False,Ventura,1,11.0,,2025-11
C03799,2025-05-09,91355,False,Los Angeles,1,20.0,,2025-05
C03800,2025-12-13,93012,True,Ventura,1,15.5,,2025-12
C03801,2025-05-18,93003,True,Ventura,2,95.5,4.0,2025-05
C03804,2025-02-21,93021,True,Ventura,1,21.0,,2025-02
C03805,2025-08-31,93065,True,Ventura,3,58.27,51.0,2025-08
C03806,2025-02-28,93001,True,Ventura,2,56.5,91.0,2025-02
C03807,2025-10-29,93003,False,Ventura,1,21.5,,2025-10
C03810,2025-01-04,91362,False,Ventura,8,216.5,35.0,2025-01
C03812,2025-06-03,91362,True,Ventura,2,33.75,164.0,2025-06
C03814,2025-09-30,93063,True,Ventura,6,126.0,9.0,2025-09
C03815,2025-05-11,93060,False,Ventura,2,46.0,4.0,2025-05
C03817,2025-12-09,93004,False,Ventura,1,40.5,,2025-12
C03818,2025-12-26,91360,True,Ventura,1,18.5,,2025-12
C03823,2025-01-19,91362,False,Ventura,4,104.5,28.0,2025-01
C03824,2025-10-31,93003,True,Ventura,1,24.0,,2025-10
C03826,2025-01-17,Unknown,False,Unknown,8,201.0,2.0,2025-01
C03827,2025-01-05,93012,True,Ventura,5,125.0,5.0,2025-01
C03828,2025-02-16,93063,False,Ventura,1,39.0,,2025-02
C03830,2025-09-26,93035,False,Ventura,1,23.0,,2025-09
C03831,2025-11-14,93003,False,Ventura,1,30.5,,2025-11
C03832,2025-01-15,93033,False,Ventura,3,63.0,197.0,2025-01
C03834,2025-03-06,93021,False,Ventura,3,176.5,27.0,2025-03
C03835,2025-02-08,93004,True,Ventura,3,71.5,56.0,2025-02
C03837,2025-07-03,93010,False,Ventura,2,69.5,34.0,2025-07
C03838,2025-11-14,93003,True,Ventura,6,148.5,1.0,2025-11
C03839,2025-01-26,93030,False,Ventura,1,30.0,,2025-01
C03844,2025-10-03,91360,False,Ventura,1,14.0,,2025-10
C03846,2025-12-27,91360,False,Ventura,1,22.5,,2025-12
C03847,2025-11-05,93065,False,Ventura,1,39.5,,2025-11
C03850,2025-05-23,93036,True,Ventura,1,39.5,,2025-05
C03852,2025-12-26,91101,True,Los Angeles,1,35.5,,2025-12
C03855,2025-11-01,91311,False,Los Angeles,2,38.5,41.0,2025-11
C03856,2025-06-21,93033,True,Ventura,6,157.9,13.0,2025-06
C03857,2025-10-14,93035,False,Ventura,1,39.5,,2025-10
C03862,2025-09-06,93035,True,Ventura,1,16.2,,2025-09
C03864,2025-05-27,91362,False,Ventura,1,17.5,,2025-05
C03869,2025-01-23,91362,False,Ventura,1,18.0,,2025-01
C03870,2025-09-03,93004,False,Ventura,4,69.0,50.0,2025-09
C03873,2025-01-03,93033,True,Ventura,1,17.5,,2025-01
C03874,2025-01-08,93033,True,Ventura,30,938.43,24.0,2025-01
C03875,2025-03-07,Unknown,False,Unknown,2,55.0,168.0,2025-03
C03876,2025-08-16,Unknown,False,Unknown,1,19.0,,2025-08
C03879,2025-03-29,93021,True,Ventura,1,35.0,,2025-03
C03885,2025-08-02,93015,False,Ventura,1,17.5,,2025-08
C03886,2025-08-07,93012,True,Ventura,4,92.5,82.0,2025-08
C03889,2025-01-10,90802,False,Los Angeles,2,34.5,6.0,2025-01
C03892,2025-07-29,93012,False,Ventura,2,71.0,50.0,2025-07
C03893,2025-04-05,93001,False,Ventura,2,79.5,49.0,2025-04
C03894,2025-04-04,93003,False,Ventura,4,106.5,6.0,2025-04
C03896,2025-02-07,93033,False,Ventura,3,92.5,32.0,2025-02
C03900,2025-02-15,93036,True,Ventura,25,656.5,11.0,2025-02
C03901,2025-09-06,93021,True,Ventura,2,34.0,55.0,2025-09
C03903,2025-11-07,91355,False,Los Angeles,1,24.0,,2025-11
C03908,2025-02-27,91362,False,Ventura,7,133.8,6.0,2025-02
C03909,2025-10-25,93001,False,Ventura,1,46.0,,2025-10
C03910,2025-01-10,93001,False,Ventura,9,227.5,29.0,2025-01
C03912,2025-01-25,90802,False,Los Angeles,16,461.0,8.0,2025-01
C03921,2025-01-12,91360,True,Ventura,1,24.0,,2025-01
C03935,2025-01-16,93033,False,Ventura,1,19.0,,2025-01
C03940,2025-05-02,93001,True,Ventura,12,319.5,0.0,2025-05
C03946,2025-02-18,93065,False,Ventura,2,38.5,3.0,2025-02
C03947,2025-11-07,91301,True,Los Angeles,1,17.0,,2025-11
C03950,2025-01-24,93010,True,Ventura,13,449.25,1.0,2025-01
C03952,2025-11-23,91362,False,Ventura,2,93.5,13.0,2025-11
C03959,2025-04-26,93021,True,Ventura,7,202.25,3.0,2025-04
C03962,2025-02-02,93060,True,Ventura,5,108.3,5.0,2025-02
C03966,2025-10-31,93015,True,Ventura,2,100.0,36.0,2025-10
C03968,2025-03-29,91320,True,Ventura,1,30.0,,2025-03
C03970,2025-01-31,93003,True,Ventura,3,91.5,72.0,2025-01
C03971,2025-04-02,93063,False,Ventura,6,118.45,51.0,2025-04
C03972,2025-10-05,91355,True,Los Angeles,1,15.5,,2025-10
C03974,2025-09-12,93004,True,Ventura,3,46.0,86.0,2025-09
C03975,2025-09-26,93010,True,Ventura,2,35.0,91.0,2025-09
C03976,2025-02-09,93015,True,Ventura,1,40.5,,2025-02
C03977,2025-11-30,90802,True,Los Angeles,1,30.5,,2025-11
C03978,2025-06-04,91355,True,Los Angeles,1,12.0,,2025-06
C03981,2025-07-10,93003,True,Ventura,15,411.85,1.0,2025-07
C03987,2025-03-08,91355,True,Los Angeles,2,60.5,165.0,2025-03
C03990,2025-03-07,93012,False,Ventura,7,217.05,43.0,2025-03
C03991,2025-02-27,93030,False,Ventura,2,35.5,8.0,2025-02
C03993,2025-02-07,Unknown,True,Unknown,8,186.45,8.0,2025-02
C03996,2025-08-01,91355,True,Los Angeles,3,82.0,97.0,2025-08
C03999,2025-07-26,91362,False,Ventura,5,185.5,0.0,2025-07
C04003,2025-02-18,93003,False,Ventura,1,25.5,,2025-02
C04006,2025-08-15,93003,True,Ventura,2,47.0,42.0,2025-08
C04010,2025-12-06,93030,False,Ventura,1,20.5,,2025-12
C04014,2025-07-10,93065,True,Ventura,3,64.5,10.0,2025-07
C04015,2025-04-16,93021,False,Ventura,1,33.5,,2025-04
C04016,2025-04-09,93033,False,Ventura,1,22.5,,2025-04
C04017,2025-02-21,93021,True,Ventura,3,67.5,14.0,2025-02
C04018,2025-09-20,93035,False,Ventura,1,20.0,,2025-09
C04021,2025-08-03,91360,True,Ventura,2,72.5,14.0,2025-08
C04024,2025-11-22,93036,False,Ventura,1,18.0,,2025-11
C04026,2025-08-16,93010,False,Ventura,2,36.5,35.0,2025-08
C04027,2025-07-20,91360,False,Ventura,2,39.5,12.0,2025-07
C04030,2025-07-13,93036,False,Ventura,8,164.0,38.0,2025-07
C04033,2025-10-15,93030,False,Ventura,3,65.5,45.0,2025-10
C04034,2025-08-15,90802,False,Los Angeles,1,15.5,,2025-08
C04037,2025-05-11,93001,False,Ventura,2,44.5,47.0,2025-05
C04038,2025-04-11,93003,False,Ventura,2,52.5,252.0,2025-04
C04042,2025-06-01,93030,False,Ventura,1,45.0,,2025-06
C04046,2025-03-11,91355,True,Los Angeles,10,206.5,4.0,2025-03
C04047,2025-06-20,93063,True,Ventura,5,142.5,22.0,2025-06
C04048,2025-07-04,93063,True,Ventura,9,270.0,27.0,2025-07
C04051,2025-06-08,Unknown,False,Unknown,1,22.5,,2025-06
C04053,2025-04-26,93065,False,Ventura,1,39.5,,2025-04
C04055,2025-07-10,93035,False,Ventura,13,272.3,7.0,2025-07
C04057,2025-12-26,93001,True,Ventura,1,26.0,,2025-12
C04063,2025-08-24,93030,True,Ventura,3,93.5,72.0,2025-08
C04064,2025-01-03,91320,False,Ventura,2,32.0,16.0,2025-01
C04067,2025-04-01,93063,True,Ventura,2,46.0,191.0,2025-04
C04072,2025-07-24,91355,False,Los Angeles,2,64.0,45.0,2025-07
C04074,2025-07-10,91360,True,Ventura,2,68.5,33.0,2025-07
C04075,2025-10-24,93001,True,Ventura,1,78.5,,2025-10
C04077,2025-12-31,93030,False,Ventura,1,35.0,,2025-12
C04078,2025-02-01,93004,False,Ventura,2,66.0,6.0,2025-02
C04082,2025-07-13,93035,True,Ventura,12,331.5,14.0,2025-07
C04083,2025-03-22,93063,False,Ventura,1,38.0,,2025-03
C04084,2025-07-13,93010,False,Ventura,1,39.0,,2025-07
C04087,2025-03-16,93033,False,Ventura,1,24.5,,2025-03
C04089,2025-01-08,91320,True,Ventura,8,284.5,2.0,2025-01
C04094,2025-05-06,93012,True,Ventura,8,247.07,29.0,2025-05
C04095,2025-08-01,93010,True,Ventura,3,105.0,25.0,2025-08
C04098,2025-12-06,93036,False,Ventura,1,69.0,,2025-12
C04101,2025-12-18,93035,True,Ventura,3,53.5,1.0,2025-12
C04104,2025-03-26,93036,False,Ventura,2,85.5,76.0,2025-03
C04106,2025-01-22,93001,True,Ventura,6,109.8,3.0,2025-01
C04107,2025-08-29,93001,False,Ventura,1,39.0,,2025-08
C04110,2025-12-26,93003,False,Ventura,1,23.5,,2025-12
C04113,2025-03-28,93063,False,Ventura,2,57.0,98.0,2025-03
C04118,2025-07-19,93004,False,Ventura,1,18.0,,2025-07
C04124,2025-06-11,93065,False,Ventura,1,12.5,,2025-06
C04125,2025-05-09,93033,False,Ventura,1,24.0,,2025-05
C04126,2025-08-15,93060,True,Ventura,6,104.0,7.0,2025-08
C04127,2025-01-12,93036,False,Ventura,10,336.5,17.0,2025-01
C04138,2025-05-11,93004,False,Ventura,3,103.5,20.0,2025-05
C04140,2025-01-17,91360,False,Ventura,1,16.5,,2025-01
C04145,2025-05-09,93063,False,Ventura,2,105.5,2.0,2025-05
C04146,2025-11-13,93012,True,Ventura,2,34.15,8.0,2025-11
C04148,2025-06-20,93030,False,Ventura,2,28.0,42.0,2025-06
C04150,2025-01-25,93030,False,Ventura,4,129.5,7.0,2025-01
C04156,2025-01-05,93015,True,Ventura,2,37.5,90.0,2025-01
C04158,2025-08-19,93063,True,Ventura,1,17.5,,2025-08
C04159,2025-02-15,91355,False,Los Angeles,5,137.5,27.0,2025-02
C04161,2025-01-25,91355,False,Los Angeles,1,17.5,,2025-01
C04163,2025-12-21,93065,False,Ventura,1,40.0,,2025-12
C04167,2025-03-08,91381,True,Los Angeles,7,173.0,29.0,2025-03
C04172,2025-09-14,91360,False,Ventura,3,106.5,12.0,2025-09
C04173,2025-02-02,93010,False,Ventura,1,38.5,,2025-02
C04174,2025-09-07,93010,True,Ventura,3,99.5,16.0,2025-09
C04175,2025-03-15,93021,False,Ventura,4,60.5,29.0,2025-03
C04180,2025-06-27,93030,False,Ventura,7,233.6,34.0,2025-06
C04182,2025-12-06,91362,True,Ventura,1,58.5,,2025-12
C04186,2025-03-14,93063,False,Ventura,2,125.5,40.0,2025-03
C04189,2025-11-22,93012,True,Ventura,1,21.0,,2025-11
C04191,2025-09-14,93063,True,Ventura,11,305.33,5.0,2025-09
C04192,2025-05-29,93004,False,Ventura,9,393.5,3.0,2025-05
C04194,2025-01-04,93030,False,Ventura,2,65.5,102.0,2025-01
C04195,2025-04-25,93033,True,Ventura,9,321.85,7.0,2025-04
C04199,2025-03-12,93001,True,Ventura,36,959.58,0.0,2025-03
C04200,2025-06-20,93035,True,Ventura,3,68.3,12.0,2025-06
C04201,2025-02-20,93001,True,Ventura,1,25.0,,2025-02
C04203,2025-01-24,Unknown,True,Unknown,1,17.5,,2025-01
C04205,2025-02-11,Unknown,False,Unknown,1,44.0,,2025-02
C04206,2025-08-02,93003,False,Ventura,2,58.35,94.0,2025-08
C04207,2025-12-16,93063,True,Ventura,1,46.35,,2025-12
C04210,2025-05-21,91362,True,Ventura,5,132.5,2.0,2025-05
C04211,2025-06-15,93004,False,Ventura,3,71.5,152.0,2025-06
C04213,2025-06-07,93003,False,Ventura,3,116.0,82.0,2025-06
C04217,2025-10-31,93004,False,Ventura,2,84.5,22.0,2025-10
C04218,2025-03-16,93004,True,Ventura,2,68.5,69.0,2025-03
C04220,2025-02-15,93065,False,Ventura,2,66.5,12.0,2025-02
C04221,2025-02-28,93060,True,Ventura,6,121.82,62.0,2025-02
C04223,2025-01-08,Unknown,False,Unknown,1,40.0,,2025-01
C04224,2025-01-07,Unknown,True,Unknown,14,481.0,12.0,2025-01
C04228,2025-12-31,93012,True,Ventura,1,36.0,,2025-12
C04229,2025-08-01,93012,False,Ventura,1,12.5,,2025-08
C04230,2025-02-25,93003,True,Ventura,3,127.0,25.0,2025-02
C04232,2025-05-03,91355,True,Los Angeles,2,50.5,42.0,2025-05
C04236,2025-08-31,93010,True,Ventura,2,29.5,11.0,2025-08
C04238,2025-03-09,93033,False,Ventura,1,30.0,,2025-03
C04240,2025-05-11,93063,False,Ventura,3,93.5,70.0,2025-05
C04245,2025-05-30,93001,False,Ventura,3,127.5,1.0,2025-05
C04247,2025-09-04,93033,False,Ventura,1,40.0,,2025-09
C04249,2025-12-07,90802,True,Los Angeles,1,24.5,,2025-12
C04253,2025-07-19,93033,True,Ventura,4,109.25,15.0,2025-07
C04255,2025-09-19,91355,False,Los Angeles,3,86.5,5.0,2025-09
C04256,2025-08-03,93004,True,Ventura,2,35.0,3.0,2025-08
C04259,2025-06-24,91362,False,Ventura,5,179.5,3.0,2025-06
C04263,2025-01-17,93015,True,Ventura,3,101.0,29.0,2025-01
C04264,2025-02-01,93010,False,Ventura,3,110.0,35.0,2025-02
C04267,2025-01-29,90802,False,Los Angeles,1,45.5,,2025-01
C04268,2025-08-31,93033,False,Ventura,1,18.0,,2025-08
C04269,2025-07-26,91301,False,Los Angeles,2,55.0,53.0,2025-07
C04270,2025-08-17,93003,False,Ventura,3,126.0,6.0,2025-08
C04272,2025-08-01,93033,False,Ventura,1,55.0,,2025-08
C04279,2025-07-26,93033,True,Ventura,5,106.75,19.0,2025-07
C04281,2025-02-07,93021,True,Ventura,17,394.3,15.0,2025-02
C04285,2025-02-21,91360,False,Ventura,1,16.0,,2025-02
C04286,2025-03-29,93001,True,Ventura,1,65.5,,2025-03
C04292,2025-11-28,93003,True,Ventura,1,27.45,,2025-11
C04295,2025-01-03,93003,False,Ventura,1,31.0,,2025-01
C04296,2025-08-03,91320,False,Ventura,1,15.5,,2025-08
C04298,2025-11-28,93060,False,Ventura,3,57.5,13.0,2025-11
C04299,2025-08-30,93003,False,Ventura,2,53.0,119.0,2025-08
C04303,2025-05-31,Unknown,False,Unknown,1,19.5,,2025-05
C04305,2025-01-24,93012,True,Ventura,2,26.5,4.0,2025-01
C04306,2025-02-16,91362,True,Ventura,6,216.2,61.0,2025-02
C04311,2025-08-15,93063,False,Ventura,1,37.0,,2025-08
C04312,2025-10-10,93010,False,Ventura,1,18.5,,2025-10
C04315,2025-01-02,93063,True,Ventura,20,529.5,43.0,2025-01
C04317,2025-11-30,Unknown,False,Unknown,1,21.5,,2025-11
C04318,2025-04-05,93001,False,Ventura,1,12.5,,2025-04
C04319,2025-01-12,93012,False,Ventura,2,34.0,18.0,2025-01
C04323,2025-02-22,93012,False,Ventura,1,18.0,,2025-02
C04331,2025-03-16,93001,True,Ventura,4,102.5,27.0,2025-03
C04334,2025-07-25,93063,False,Ventura,4,165.0,8.0,2025-07
C04336,2025-04-02,93033,True,Ventura,2,49.0,44.0,2025-04
C04337,2025-05-28,93001,True,Ventura,1,8.07,,2025-05
C04339,2025-01-05,93033,False,Ventura,6,145.0,10.0,2025-01
C04340,2025-05-24,93063,False,Ventura,2,33.0,27.0,2025-05
C04345,2025-01-04,93003,False,Ventura,1,18.0,,2025-01
C04346,2025-09-26,93065,False,Ventura,1,23.5,,2025-09
C04347,2025-08-02,91362,False,Ventura,1,27.0,,2025-08
C04349,2025-04-04,93033,False,Ventura,1,15.5,,2025-04
C04351,2025-05-02,91381,True,Los Angeles,11,283.9,13.0,2025-05
C04352,2025-02-08,93065,True,Ventura,4,100.5,19.0,2025-02
C04353,2025-09-27,91320,False,Ventura,4,111.5,25.0,2025-09
C04357,2025-07-19,93036,False,Ventura,2,98.0,12.0,2025-07
C04358,2025-07-15,93030,False,Ventura,2,74.0,16.0,2025-07
C04360,2025-07-05,93033,False,Ventura,5,129.0,4.0,2025-07
C04365,2025-05-24,93012,False,Ventura,1,64.6,,2025-05
C04366,2025-01-12,91311,True,Los Angeles,2,37.5,6.0,2025-01
C04369,2025-12-24,91362,True,Ventura,2,44.4,2.0,2025-12
C04371,2025-12-26,93010,True,Ventura,1,21.5,,2025-12
C04374,2025-08-06,93004,True,Ventura,1,30.5,,2025-08
C04379,2025-12-26,91381,False,Los Angeles,1,22.0,,2025-12
C04380,2025-04-18,91360,True,Ventura,1,18.0,,2025-04
C04382,2025-12-30,91301,False,Los Angeles,1,22.5,,2025-12
C04383,2025-06-20,Unknown,True,Unknown,1,22.5,,2025-06
C04396,2025-02-14,93065,False,Ventura,1,12.5,,2025-02
C04397,2025-01-08,93035,True,Ventura,1,17.5,,2025-01
C04400,2025-02-06,91355,False,Los Angeles,6,139.7,15.0,2025-02
C04403,2025-09-28,93065,True,Ventura,1,36.5,,2025-09
C04414,2025-10-03,91362,True,Ventura,7,265.0,15.0,2025-10
C04415,2025-07-20,93065,True,Ventura,4,113.5,33.0,2025-07
C04416,2025-06-25,91320,False,Ventura,1,23.5,,2025-06
C04417,2025-08-01,93003,False,Ventura,1,20.5,,2025-08
C04419,2025-10-12,93001,True,Ventura,2,33.5,7.0,2025-10
C04421,2025-01-31,93065,False,Ventura,2,45.5,1.0,2025-01
C04426,2025-01-10,93001,False,Ventura,3,66.5,70.0,2025-01
C04427,2025-05-04,91301,True,Los Angeles,2,78.5,52.0,2025-05
C04428,2025-08-22,93004,True,Ventura,1,21.15,,2025-08
C04431,2025-03-02,91101,False,Los Angeles,3,105.5,12.0,2025-03
C04432,2025-08-23,93065,False,Ventura,4,201.5,15.0,2025-08
C04436,2025-01-31,93003,False,Ventura,2,35.5,70.0,2025-01
C04437,2025-07-31,91360,False,Ventura,1,17.5,,2025-07
C04439,2025-07-12,93010,True,Ventura,6,211.42,55.0,2025-07
C04442,2025-11-18,93035,False,Ventura,1,37.5,,2025-11
C04446,2025-11-11,93004,False,Ventura,2,38.0,26.0,2025-11
C04449,2025-04-20,91355,False,Los Angeles,8,198.0,26.0,2025-04
C04451,2025-07-11,93003,False,Ventura,1,32.0,,2025-07
C04452,2025-04-13,91355,False,Los Angeles,2,29.0,12.0,2025-04
C04456,2025-08-03,91362,False,Ventura,1,15.5,,2025-08
C04459,2025-03-27,93060,True,Ventura,6,227.0,44.0,2025-03
C04463,2025-04-16,93001,False,Ventura,3,59.0,9.0,2025-04
C04464,2025-12-19,93065,False,Ventura,1,18.0,,2025-12
C04466,2025-01-30,91320,True,Ventura,10,252.0,9.0,2025-01
C04467,2025-07-03,93001,True,Ventura,1,15.0,,2025-07
C04470,2025-11-01,93003,True,Ventura,3,117.5,18.0,2025-11
C04471,2025-04-03,93030,False,Ventura,1,18.0,,2025-04
C04472,2025-05-10,Unknown,True,Unknown,8,254.5,6.0,2025-05
C04473,2025-01-24,91360,False,Ventura,5,129.5,27.0,2025-01
C04478,2025-01-03,93065,True,Ventura,7,166.0,6.0,2025-01
C04484,2025-07-18,91311,True,Los Angeles,1,26.0,,2025-07
C04486,2025-01-17,93015,True,Ventura,4,108.0,7.0,2025-01
C04493,2025-02-02,91362,False,Ventura,7,196.0,5.0,2025-02
C04494,2025-01-04,91360,True,Ventura,9,237.0,1.0,2025-01
C04495,2025-10-08,91320,True,Ventura,3,64.5,16.0,2025-10
C04499,2025-04-26,93012,False,Ventura,1,15.5,,2025-04
C04500,2025-11-21,93065,False,Ventura,2,51.85,35.0,2025-11
C04501,2025-06-08,93033,True,Ventura,4,161.0,44.0,2025-06
C04502,2025-01-28,93033,False,Ventura,1,20.5,,2025-01
C04503,2025-05-07,93015,False,Ventura,2,57.5,38.0,2025-05
C04505,2025-11-13,93065,True,Ventura,1,103.5,,2025-11
C04506,2025-02-21,91311,False,Los Angeles,1,30.0,,2025-02
C04516,2025-07-05,93063,False,Ventura,1,18.0,,2025-07
C04517,2025-10-11,93015,False,Ventura,3,95.0,50.0,2025-10
C04518,2025-06-22,93063,True,Ventura,4,94.2,31.0,2025-06
C04523,2025-07-18,93065,False,Ventura,1,17.0,,2025-07
C04524,2025-09-27,93036,False,Ventura,1,18.0,,2025-09
C04529,2025-08-22,93004,True,Ventura,3,86.5,23.0,2025-08
C04530,2025-08-19,91360,False,Ventura,1,35.5,,2025-08
C04532,2025-02-14,91320,False,Ventura,11,300.5,22.0,2025-02
C04538,2025-09-21,91360,False,Ventura,1,49.0,,2025-09
C04539,2025-08-28,93021,True,Ventura,12,272.0,15.0,2025-08
C04540,2025-04-25,93030,False,Ventura,5,111.5,7.0,2025-04
C04541,2025-11-21,93003,True,Ventura,1,35.5,,2025-11
C04542,2025-05-27,93003,True,Ventura,24,641.25,2.0,2025-05
C04544,2025-01-31,91362,False,Ventura,4,93.0,35.0,2025-01
C04547,2025-10-31,93010,False,Ventura,1,9.5,,2025-10
C04549,2025-07-02,Unknown,False,Unknown,1,23.0,,2025-07
C04552,2025-06-28,93065,False,Ventura,1,18.0,,2025-06
C04556,2025-05-10,93065,False,Ventura,1,69.0,,2025-05
C04557,2025-02-07,93012,False,Ventura,1,17.5,,2025-02
C04563,2025-02-28,93035,True,Ventura,10,243.5,21.0,2025-02
C04567,2025-08-02,93004,False,Ventura,4,150.5,1.0,2025-08
C04568,2025-12-09,93060,True,Ventura,1,14.0,,2025-12
C04573,2025-03-21,93003,True,Ventura,1,17.0,,2025-03
C04577,2025-03-09,93033,False,Ventura,1,19.5,,2025-03
C04588,2025-07-25,93063,False,Ventura,1,17.5,,2025-07
C04590,2025-11-28,93060,False,Ventura,1,19.5,,2025-11
C04591,2025-07-10,93033,True,Ventura,2,126.5,147.0,2025-07
C04594,2025-06-14,Unknown,True,Unknown,4,193.5,38.0,2025-06
C04598,2025-06-29,93001,True,Ventura,4,168.0,61.0,2025-06
C04600,2025-10-05,93003,False,Ventura,1,57.5,,2025-10
C04604,2025-08-03,91301,False,Los Angeles,6,116.35,7.0,2025-08
C04607,2025-11-20,93030,False,Ventura,2,75.5,15.0,2025-11
C04608,2025-09-13,93060,True,Ventura,4,122.5,28.0,2025-09
C04609,2025-01-18,91311,True,Los Angeles,1,37.5,,2025-01
C04615,2025-07-06,93001,False,Ventura,2,43.0,6.0,2025-07
C04616,2025-07-01,93033,True,Ventura,1,15.3,,2025-07
C04617,2025-04-04,93033,True,Ventura,1,20.5,,2025-04
C04620,2025-11-08,91355,False,Los Angeles,1,17.5,,2025-11
C04622,2025-07-05,93012,False,Ventura,1,20.5,,2025-07
C04624,2025-01-03,93035,False,Ventura,2,79.5,57.0,2025-01
C04626,2025-05-23,93012,False,Ventura,1,30.17,,2025-05
C04627,2025-04-26,93035,False,Ventura,6,188.5,21.0,2025-04
C04629,2025-06-06,93033,True,Ventura,1,17.5,,2025-06
C04630,2025-10-02,91311,True,Los Angeles,1,17.5,,2025-10
C04631,2025-01-31,93003,True,Ventura,2,80.5,9.0,2025-01
C04636,2025-05-15,93004,True,Ventura,1,33.0,,2025-05
C04639,2025-11-19,91360,True,Ventura,1,11.0,,2025-11
C04642,2025-07-11,91311,True,Los Angeles,1,37.5,,2025-07
C04643,2025-05-10,91301,False,Los Angeles,5,151.5,36.0,2025-05
C04646,2025-07-27,93021,False,Ventura,1,17.5,,2025-07
C04649,2025-04-25,91381,False,Los Angeles,2,45.0,111.0,2025-04
C04650,2025-10-07,93004,False,Ventura,3,74.5,14.0,2025-10
C04653,2025-01-17,93010,True,Ventura,2,26.0,84.0,2025-01
C04654,2025-09-12,93035,True,Ventura,8,205.75,1.0,2025-09
C04658,2025-11-29,93030,True,Ventura,1,30.0,,2025-11
C04659,2025-01-24,91360,False,Ventura,10,268.7,64.0,2025-01
C04660,2025-01-17,93003,True,Ventura,9,354.25,36.0,2025-01
C04662,2025-04-22,93003,False,Ventura,1,36.0,,2025-04
C04663,2025-07-13,Unknown,False,Unknown,2,40.5,60.0,2025-07
C04664,2025-11-02,91362,True,Ventura,2,62.0,6.0,2025-11
C04671,2025-02-25,93001,True,Ventura,4,84.0,31.0,2025-02
C04673,2025-03-28,Unknown,True,Unknown,3,98.25,13.0,2025-03
C04674,2025-01-31,93033,True,Ventura,6,159.5,0.0,2025-01
C04675,2025-08-21,93030,False,Ventura,1,20.5,,2025-08
C04676,2025-03-19,93035,True,Ventura,1,32.5,,2025-03
C04678,2025-03-22,93033,True,Ventura,1,15.5,,2025-03
C04683,2025-05-09,93035,False,Ventura,9,365.5,1.0,2025-05
C04684,2025-06-01,93033,False,Ventura,1,40.0,,2025-06
C04688,2025-04-01,93065,False,Ventura,2,42.5,193.0,2025-04
C04691,2025-04-11,Unknown,False,Unknown,4,102.0,7.0,2025-04
C04692,2025-03-14,93065,True,Ventura,1,40.0,,2025-03
C04693,2025-01-23,93065,False,Ventura,3,71.5,24.0,2025-01
C04696,2025-08-01,91301,False,Los Angeles,2,81.0,7.0,2025-08
C04706,2025-01-10,93030,True,Ventura,2,78.5,28.0,2025-01
C04719,2025-08-31,93036,False,Ventura,1,17.5,,2025-08
C04722,2025-08-02,93010,False,Ventura,2,54.5,6.0,2025-08
C04723,2025-10-01,Unknown,True,Unknown,1,14.0,,2025-10
C04725,2025-01-05,91360,True,Ventura,20,644.0,13.0,2025-01
C04728,2025-11-21,91355,True,Los Angeles,1,41.0,,2025-11
C04729,2025-04-18,93003,False,Ventura,6,177.5,8.0,2025-04
C04733,2025-03-19,91362,False,Ventura,3,112.5,126.0,2025-03
C04734,2025-08-06,91362,True,Ventura,1,22.0,,2025-08
C04737,2025-12-27,93010,False,Ventura,1,31.5,,2025-12
C04739,2025-05-02,93060,True,Ventura,5,144.15,42.0,2025-05
C04741,2025-04-18,91381,True,Los Angeles,3,94.5,55.0,2025-04
C04742,2025-02-25,93033,True,Ventura,2,51.0,175.0,2025-02
C04746,2025-01-11,91101,True,Los Angeles,9,222.0,25.0,2025-01
C04750,2025-06-07,91101,True,Los Angeles,4,107.5,123.0,2025-06
C04754,2025-01-04,93035,False,Ventura,1,58.0,,2025-01
C04758,2025-03-16,93003,False,Ventura,1,46.0,,2025-03
C04761,2025-12-06,93003,False,Ventura,1,22.5,,2025-12
C04766,2025-01-17,91320,True,Ventura,1,12.5,,2025-01
C04768,2025-01-18,93035,False,Ventura,15,383.25,17.0,2025-01
C04773,2025-10-26,93012,True,Ventura,1,20.5,,2025-10
C04782,2025-03-18,93030,False,Ventura,1,17.5,,2025-03
C04784,2025-04-19,Unknown,False,Unknown,1,23.5,,2025-04
C04785,2025-11-07,93030,False,Ventura,1,36.0,,2025-11
C04787,2025-10-26,93003,False,Ventura,2,35.5,61.0,2025-10
C04790,2025-01-25,91381,False,Los Angeles,2,51.5,45.0,2025-01
C04791,2025-05-21,93060,False,Ventura,2,86.5,7.0,2025-05
C04794,2025-07-02,93030,False,Ventura,1,18.5,,2025-07
C04797,2025-05-16,91360,True,Ventura,4,116.0,57.0,2025-05
C04798,2025-04-18,93036,False,Ventura,1,21.0,,2025-04
C04799,2025-04-02,93033,False,Ventura,3,127.5,44.0,2025-04
C04801,2025-07-23,93035,False,Ventura,2,73.5,28.0,2025-07
C04802,2025-09-27,91320,True,Ventura,3,79.0,38.0,2025-09
C04803,2025-09-30,93001,True,Ventura,1,23.5,,2025-09
C04805,2025-05-31,93035,False,Ventura,9,260.5,31.0,2025-05
C04808,2025-04-30,93036,False,Ventura,1,17.5,,2025-04
C04811,2025-10-22,93030,False,Ventura,1,22.0,,2025-10
C04813,2025-10-18,93004,False,Ventura,2,31.5,7.0,2025-10
C04817,2025-05-09,93010,True,Ventura,4,107.0,92.0,2025-05
C04819,2025-06-07,91381,False,Los Angeles,1,17.5,,2025-06
C04822,2025-08-28,91360,True,Ventura,7,144.0,1.0,2025-08
C04827,2025-06-12,93004,True,Ventura,1,18.0,,2025-06
C04829,2025-10-03,93021,False,Ventura,1,18.0,,2025-10
C04831,2025-05-17,93003,False,Ventura,1,59.0,,2025-05
C04832,2025-09-06,93036,True,Ventura,2,78.0,3.0,2025-09
C04836,2025-05-09,91360,False,Ventura,1,14.85,,2025-05
C04837,2025-01-03,93012,True,Ventura,14,341.52,5.0,2025-01
C04839,2025-01-21,93001,True,Ventura,9,292.35,11.0,2025-01
C04841,2025-11-22,93012,False,Ventura,1,18.0,,2025-11
C04845,2025-02-07,93036,False,Ventura,6,307.7,35.0,2025-02
C04846,2025-05-08,Unknown,False,Unknown,1,18.0,,2025-05
C04847,2025-11-02,93001,True,Ventura,1,15.5,,2025-11
C04849,2025-06-07,93003,True,Ventura,3,78.5,49.0,2025-06
C04851,2025-01-03,93065,True,Ventura,23,642.53,27.0,2025-01
C04854,2025-01-03,91362,True,Ventura,9,164.0,7.0,2025-01
C04856,2025-01-12,93003,False,Ventura,1,35.5,,2025-01
C04857,2025-07-25,93003,False,Ventura,6,222.5,0.0,2025-07
C04860,2025-11-21,Unknown,True,Unknown,1,13.5,,2025-11
C04863,2025-11-21,93036,True,Ventura,1,17.5,,2025-11
C04864,2025-09-13,93033,False,Ventura,2,78.5,63.0,2025-09
C04871,2025-05-16,93030,False,Ventura,1,58.0,,2025-05
C04872,2025-04-08,93021,True,Ventura,6,126.0,47.0,2025-04
C04875,2025-01-10,93010,False,Ventura,6,165.5,39.0,2025-01
C04878,2025-07-06,93033,False,Ventura,2,102.5,21.0,2025-07
C04884,2025-06-04,93004,False,Ventura,3,103.5,0.0,2025-06
C04885,2025-06-14,93030,False,Ventura,2,48.3,83.0,2025-06
C04891,2025-08-22,93010,True,Ventura,1,20.5,,2025-08
C04893,2025-11-21,93001,False,Ventura,1,12.5,,2025-11
C04894,2025-04-13,93015,True,Ventura,7,189.45,28.0,2025-04
C04895,2025-04-04,93060,False,Ventura,1,17.5,,2025-04
C04900,2025-08-23,93030,False,Ventura,1,17.5,,2025-08
C04903,2025-01-03,91362,True,Ventura,29,750.38,15.0,2025-01
C04905,2025-12-12,93035,False,Ventura,3,52.5,7.0,2025-12
C04909,2025-07-27,93012,False,Ventura,1,40.5,,2025-07
C04910,2025-01-25,91320,True,Ventura,2,61.0,235.0,2025-01
C04913,2025-03-09,93010,False,Ventura,6,193.0,27.0,2025-03
C04914,2025-09-04,93030,False,Ventura,1,17.5,,2025-09
C04916,2025-03-30,91311,False,Los Angeles,3,111.5,38.0,2025-03
C04920,2025-11-09,93030,False,Ventura,3,79.0,21.0,2025-11
C04921,2025-07-05,93033,False,Ventura,1,14.0,,2025-07
C04922,2025-02-25,90802,True,Los Angeles,9,224.2,9.0,2025-02
C04923,2025-07-18,93063,True,Ventura,4,96.5,27.0,2025-07
C04926,2025-05-10,Unknown,False,Unknown,1,13.5,,2025-05
C04933,2025-06-22,93063,False,Ventura,1,35.5,,2025-06
C04934,2025-07-20,91360,True,Ventura,3,104.0,46.0,2025-07
C04937,2025-11-02,91362,False,Ventura,1,18.0,,2025-11
C04939,2025-04-10,Unknown,False,Unknown,4,79.5,1.0,2025-04
C04942,2025-04-13,93060,True,Ventura,1,40.0,,2025-04
C04948,2025-01-24,93021,False,Ventura,15,446.5,1.0,2025-01
C04949,2025-04-30,Unknown,False,Unknown,1,70.0,,2025-04
C04950,2025-06-06,93010,False,Ventura,5,168.0,7.0,2025-06
C04951,2025-05-16,91301,True,Los Angeles,5,106.5,56.0,2025-05
C04953,2025-10-11,91320,True,Ventura,3,126.0,6.0,2025-10
C04961,2025-03-16,93033,True,Ventura,8,248.0,5.0,2025-03
C04962,2025-12-24,91360,True,Ventura,1,13.0,,2025-12
C04963,2025-03-23,91360,False,Ventura,1,30.5,,2025-03
C04964,2025-01-09,93001,True,Ventura,16,411.0,1.0,2025-01
C04965,2025-08-28,93033,True,Ventura,2,53.5,79.0,2025-08
C04972,2025-01-25,91362,True,Ventura,4,160.5,139.0,2025-01
C04974,2025-05-13,93001,False,Ventura,1,33.0,,2025-05
C04978,2025-05-21,91362,True,Ventura,7,131.5,2.0,2025-05
C04979,2025-06-11,93030,False,Ventura,1,12.5,,2025-06
C04982,2025-10-08,93030,True,Ventura,2,45.5,43.0,2025-10
C04984,2025-01-21,91355,True,Los Angeles,5,149.5,9.0,2025-01
C04986,2025-08-30,91362,False,Ventura,2,42.5,24.0,2025-08
C04987,2025-04-18,91360,False,Ventura,2,33.0,21.0,2025-04
C04988,2025-12-14,93030,True,Ventura,2,63.5,4.0,2025-12
C04989,2025-02-14,93001,False,Ventura,1,15.5,,2025-02
C04990,2025-06-27,93001,True,Ventura,10,439.0,11.0,2025-06
C04991,2025-01-04,93065,True,Ventura,13,394.5,35.0,2025-01
C04994,2025-01-02,Unknown,False,Unknown,8,188.5,29.0,2025-01
C04996,2025-06-05,93010,True,Ventura,8,258.5,9.0,2025-06
C04997,2025-02-21,93001,True,Ventura,3,106.5,79.0,2025-02
C05000,2025-06-20,93021,False,Ventura,2,47.5,161.0,2025-06
C05005,2025-06-20,91360,True,Ventura,2,62.0,7.0,2025-06
C05007,2025-02-28,93001,False,Ventura,17,404.5,5.0,2025-02
C05011,2025-02-28,93033,True,Ventura,2,74.6,179.0,2025-02
C05013,2025-05-02,93036,True,Ventura,1,37.0,,2025-05
C05014,2025-02-22,93004,False,Ventura,5,155.0,12.0,2025-02
C05017,2025-08-09,93010,False,Ventura,1,13.0,,2025-08
C05025,2025-06-25,93030,False,Ventura,3,100.0,31.0,2025-06
C05030,2025-06-18,93001,True,Ventura,6,200.5,7.0,2025-06
C05031,2025-02-14,93036,True,Ventura,2,34.5,291.0,2025-02
C05033,2025-02-21,93001,True,Ventura,1,22.5,,2025-02
C05034,2025-06-06,93012,False,Ventura,1,20.0,,2025-06
C05035,2025-01-07,93010,False,Ventura,2,37.0,3.0,2025-01
C05037,2025-10-30,93012,False,Ventura,1,31.0,,2025-10
C05043,2025-11-21,91360,False,Ventura,1,16.0,,2025-11
C05045,2025-04-13,93060,True,Ventura,3,77.0,7.0,2025-04
C05046,2025-04-24,91360,False,Ventura,1,17.0,,2025-04
C05049,2025-04-12,91362,True,Ventura,6,160.0,62.0,2025-04
C05050,2025-08-30,93010,False,Ventura,6,163.0,27.0,2025-08
C05052,2025-08-24,93004,False,Ventura,2,57.5,2.0,2025-08
C05062,2025-08-10,91360,True,Ventura,7,264.5,11.0,2025-08
C05066,2025-07-25,91381,False,Los Angeles,2,35.5,155.0,2025-07
C05070,2025-07-11,91355,False,Los Angeles,2,28.5,98.0,2025-07
C05072,2025-04-03,91362,False,Ventura,3,62.5,28.0,2025-04
C05073,2025-09-03,90802,False,Los Angeles,1,21.5,,2025-09
C05077,2025-01-31,93065,False,Ventura,2,101.5,91.0,2025-01
C05079,2025-08-31,93012,False,Ventura,1,21.5,,2025-08
C05081,2025-02-07,91362,True,Ventura,9,342.4,95.0,2025-02
C05086,2025-09-06,93003,False,Ventura,1,38.0,,2025-09
C05091,2025-09-23,93003,False,Ventura,1,41.0,,2025-09
C05094,2025-06-28,93030,False,Ventura,1,41.0,,2025-06
C05099,2025-12-19,93003,False,Ventura,2,38.5,11.0,2025-12
C05101,2025-02-15,93021,False,Ventura,1,18.0,,2025-02
C05102,2025-02-23,93030,True,Ventura,13,335.0,11.0,2025-02
C05103,2025-01-03,91381,True,Los Angeles,9,150.65,14.0,2025-01
C05104,2025-02-15,93036,False,Ventura,3,73.0,10.0,2025-02
C05105,2025-03-28,93035,False,Ventura,4,92.5,56.0,2025-03
C05108,2025-06-28,91320,True,Ventura,3,96.0,120.0,2025-06
C05115,2025-04-10,93030,True,Ventura,2,32.3,15.0,2025-04
C05119,2025-02-08,93001,True,Ventura,1,15.5,,2025-02
C05120,2025-02-16,91360,False,Ventura,1,38.0,,2025-02
C05122,2025-10-28,93065,False,Ventura,1,36.0,,2025-10
C05124,2025-10-22,91362,False,Ventura,1,44.5,,2025-10
C05128,2025-02-15,Unknown,True,Unknown,3,68.5,1.0,2025-02
C05130,2025-08-20,93065,False,Ventura,4,94.5,2.0,2025-08
C05131,2025-10-10,93036,True,Ventura,1,12.5,,2025-10
C05133,2025-01-24,93003,True,Ventura,9,355.0,98.0,2025-01
C05138,2025-10-05,93001,True,Ventura,1,63.0,,2025-10
C05139,2025-09-21,91360,True,Ventura,4,98.0,7.0,2025-09
C05142,2025-01-10,93001,False,Ventura,4,91.0,60.0,2025-01
C05143,2025-05-30,93033,False,Ventura,1,35.5,,2025-05
C05145,2025-01-17,93012,False,Ventura,34,928.0,2.0,2025-01
C05150,2025-04-05,93065,True,Ventura,4,107.0,14.0,2025-04
C05151,2025-11-02,93035,False,Ventura,1,64.0,,2025-11
C05154,2025-08-03,91360,True,Ventura,5,130.2,23.0,2025-08
C05156,2025-06-19,91311,True,Los Angeles,13,319.0,52.0,2025-06
C05157,2025-06-01,93030,False,Ventura,1,28.0,,2025-06
C05158,2025-12-13,93004,False,Ventura,1,36.0,,2025-12
C05165,2025-08-27,93033,False,Ventura,1,66.5,,2025-08
C05166,2025-10-24,91362,False,Ventura,1,38.5,,2025-10
C05167,2025-05-11,93060,False,Ventura,3,48.85,3.0,2025-05
C05168,2025-08-05,91360,False,Ventura,2,41.5,35.0,2025-08
C05169,2025-02-09,90802,True,Los Angeles,6,175.5,3.0,2025-02
C05170,2025-03-21,91360,False,Ventura,13,296.0,9.0,2025-03
C05171,2025-08-05,93010,False,Ventura,5,116.98,44.0,2025-08
C05173,2025-01-25,93021,False,Ventura,1,14.0,,2025-01
C05174,2025-09-05,93033,True,Ventura,2,70.0,35.0,2025-09
C05175,2025-01-18,93063,True,Ventura,7,179.5,20.0,2025-01
C05177,2025-07-30,93003,True,Ventura,4,80.95,13.0,2025-07
C05178,2025-02-01,91360,True,Ventura,16,345.75,0.0,2025-02
C05181,2025-02-12,93033,False,Ventura,1,18.0,,2025-02
C05182,2025-11-29,93060,False,Ventura,1,18.0,,2025-11
C05186,2025-08-12,91101,False,Los Angeles,3,47.5,17.0,2025-08
C05190,2025-05-02,93065,False,Ventura,2,50.0,2.0,2025-05
C05192,2025-07-02,93063,False,Ventura,3,73.5,53.0,2025-07
C05195,2025-02-21,93004,False,Ventura,1,35.0,,2025-02
C05197,2025-07-22,93063,False,Ventura,2,37.5,135.0,2025-07
C05199,2025-02-23,93030,False,Ventura,1,17.0,,2025-02
C05201,2025-02-16,91301,True,Los Angeles,7,209.0,2.0,2025-02
C05202,2025-07-01,93010,True,Ventura,3,75.8,135.0,2025-07
C05204,2025-07-05,93003,False,Ventura,4,88.5,47.0,2025-07
C05205,2025-03-01,93033,True,Ventura,11,350.0,3.0,2025-03
C05208,2025-02-23,93001,False,Ventura,1,40.0,,2025-02
C05209,2025-10-09,93010,True,Ventura,1,25.5,,2025-10
C05210,2025-10-30,93012,True,Ventura,1,63.5,,2025-10
C05213,2025-01-03,93001,False,Ventura,1,45.0,,2025-01
C05218,2025-08-07,93010,True,Ventura,2,47.5,75.0,2025-08
C05223,2025-09-05,93010,True,Ventura,1,17.5,,2025-09
C05224,2025-04-18,Unknown,True,Unknown,5,178.9,23.0,2025-04
C05228,2025-11-26,93030,True,Ventura,2,55.0,7.0,2025-11
C05233,2025-04-18,91381,False,Los Angeles,2,79.5,2.0,2025-04
C05235,2025-10-03,90802,False,Los Angeles,1,23.0,,2025-10
C05241,2025-11-18,93030,True,Ventura,2,53.5,4.0,2025-11
C05244,2025-03-14,93035,True,Ventura,3,122.0,93.0,2025-03
C05246,2025-10-02,91320,False,Ventura,1,18.0,,2025-10
C05249,2025-06-28,93060,True,Ventura,3,48.0,41.0,2025-06
C05250,2025-02-16,93003,False,Ventura,1,39.5,,2025-02
C05251,2025-07-09,93003,False,Ventura,1,17.5,,2025-07
C05252,2025-01-17,91320,True,Ventura,14,317.92,76.0,2025-01
C05254,2025-01-24,93030,False,Ventura,1,14.0,,2025-01
C05260,2025-07-26,93010,True,Ventura,1,26.5,,2025-07
C05265,2025-03-29,91355,False,Los Angeles,2,125.5,6.0,2025-03
C05266,2025-01-03,93004,True,Ventura,25,699.55,18.0,2025-01
C05268,2025-08-07,93035,False,Ventura,2,37.0,48.0,2025-08
C05274,2025-10-25,91360,False,Ventura,1,58.0,,2025-10
C05276,2025-01-07,93010,False,Ventura,9,277.0,4.0,2025-01
C05279,2025-06-27,91360,True,Ventura,2,31.0,114.0,2025-06
C05281,2025-04-18,Unknown,False,Unknown,1,41.0,,2025-04
C05282,2025-02-14,93065,False,Ventura,1,31.5,,2025-02
C05285,2025-05-23,93065,True,Ventura,11,213.38,0.0,2025-05
C05286,2025-01-04,91301,True,Los Angeles,12,306.75,13.0,2025-01
C05288,2025-03-04,93063,False,Ventura,2,28.5,9.0,2025-03
C05289,2025-04-08,91311,False,Los Angeles,5,126.5,17.0,2025-04
C05290,2025-04-08,Unknown,False,Unknown,1,73.5,,2025-04
C05291,2025-08-09,93003,False,Ventura,1,12.5,,2025-08
C05292,2025-06-14,93033,False,Ventura,2,116.0,76.0,2025-06
C05294,2025-01-10,91362,False,Ventura,2,35.0,28.0,2025-01
C05299,2025-06-25,93065,True,Ventura,6,169.0,38.0,2025-06
C05300,2025-01-04,93063,True,Ventura,1,38.5,,2025-01
C05301,2025-05-08,93065,False,Ventura,1,17.5,,2025-05
C05303,2025-11-14,93033,False,Ventura,2,30.1,28.0,2025-11
C05305,2025-12-16,93035,True,Ventura,1,19.5,,2025-12
C05306,2025-04-25,93004,False,Ventura,3,85.5,16.0,2025-04
C05308,2025-11-09,91320,True,Ventura,2,80.5,40.0,2025-11
C05309,2025-01-18,91360,True,Ventura,13,394.5,21.0,2025-01
C05310,2025-07-03,93003,True,Ventura,3,75.2,29.0,2025-07
C05311,2025-05-30,93033,False,Ventura,4,126.5,11.0,2025-05
C05313,2025-09-25,93001,False,Ventura,1,43.0,,2025-09
C05315,2025-11-21,93012,False,Ventura,2,38.0,35.0,2025-11
C05317,2025-06-06,91381,True,Los Angeles,2,35.0,177.0,2025-06
C05322,2025-02-02,93065,False,Ventura,1,18.5,,2025-02
C05324,2025-11-14,Unknown,True,Unknown,1,15.5,,2025-11
C05326,2025-02-28,93003,True,Ventura,9,277.5,7.0,2025-02
C05327,2025-03-11,93012,False,Ventura,1,11.0,,2025-03
C05328,2025-03-12,93010,False,Ventura,3,107.0,77.0,2025-03
C05331,2025-02-07,93001,False,Ventura,1,12.5,,2025-02
C05333,2025-04-25,91355,True,Los Angeles,1,19.12,,2025-04
C05335,2025-01-11,93030,False,Ventura,1,15.5,,2025-01
C05338,2025-03-21,93065,False,Ventura,5,136.0,138.0,2025-03
C05340,2025-01-02,93033,True,Ventura,28,666.5,2.0,2025-01
C05345,2025-09-19,93030,True,Ventura,2,74.5,49.0,2025-09
C05347,2025-09-12,93063,False,Ventura,1,15.5,,2025-09
C05356,2025-10-11,93063,False,Ventura,1,27.5,,2025-10
C05359,2025-06-04,Unknown,False,Unknown,2,73.5,2.0,2025-06
C05365,2025-02-21,Unknown,False,Unknown,2,37.5,23.0,2025-02
C05368,2025-11-07,91311,False,Los Angeles,2,38.5,46.0,2025-11
C05369,2025-01-16,93004,False,Ventura,2,80.0,255.0,2025-01
C05371,2025-05-16,93001,True,Ventura,5,127.0,0.0,2025-05
C05375,2025-09-28,Unknown,False,Unknown,1,43.5,,2025-09
C05376,2025-12-28,93033,False,Ventura,1,22.0,,2025-12
C05377,2025-03-28,93063,True,Ventura,2,57.0,32.0,2025-03
C05384,2025-04-19,93033,True,Ventura,1,17.0,,2025-04
C05387,2025-06-07,93033,True,Ventura,9,263.5,17.0,2025-06
C05389,2025-06-27,93004,False,Ventura,1,17.5,,2025-06
C05390,2025-02-09,91301,False,Los Angeles,1,67.5,,2025-02
C05391,2025-12-26,93010,False,Ventura,1,30.0,,2025-12
C05393,2025-12-27,93033,False,Ventura,1,36.5,,2025-12
C05397,2025-05-25,93010,False,Ventura,2,67.5,82.0,2025-05
C05402,2025-11-29,93035,True,Ventura,1,23.5,,2025-11
C05404,2025-01-15,93030,True,Ventura,4,117.0,28.0,2025-01
C05407,2025-09-26,93001,False,Ventura,12,373.5,8.0,2025-09
C05408,2025-03-12,93001,True,Ventura,2,79.0,163.0,2025-03
C05411,2025-02-05,91311,True,Los Angeles,14,518.45,31.0,2025-02
C05414,2025-02-07,91355,True,Los Angeles,7,199.5,74.0,2025-02
C05415,2025-03-09,93030,False,Ventura,2,34.5,55.0,2025-03
C05417,2025-08-03,93010,True,Ventura,4,180.0,0.0,2025-08
C05420,2025-06-25,93015,False,Ventura,1,38.0,,2025-06
C05424,2025-03-04,93003,True,Ventura,7,258.5,24.0,2025-03
C05429,2025-08-03,93033,False,Ventura,2,30.5,56.0,2025-08
C05430,2025-10-05,93036,False,Ventura,1,27.5,,2025-10
C05431,2025-02-28,93004,False,Ventura,1,15.5,,2025-02
C05435,2025-11-29,93003,False,Ventura,1,24.0,,2025-11
C05437,2025-10-24,93033,False,Ventura,1,17.0,,2025-10
C05438,2025-07-16,91355,True,Los Angeles,3,98.5,9.0,2025-07
C05439,2025-03-15,93033,False,Ventura,3,122.0,160.0,2025-03
C05440,2025-03-28,93010,True,Ventura,1,33.0,,2025-03
C05442,2025-08-01,93001,False,Ventura,1,40.0,,2025-08
C05443,2025-01-28,91360,False,Ventura,5,113.0,4.0,2025-01
C05444,2025-02-25,93010,False,Ventura,11,267.5,50.0,2025-02
C05445,2025-01-02,91362,False,Ventura,1,55.5,,2025-01
C05448,2025-02-15,93004,False,Ventura,6,165.5,97.0,2025-02
C05452,2025-05-09,93035,False,Ventura,2,29.5,84.0,2025-05
C05454,2025-05-30,91355,True,Los Angeles,2,62.0,21.0,2025-05
C05460,2025-05-01,93003,True,Ventura,2,39.0,22.0,2025-05
C05461,2025-05-21,Unknown,False,Unknown,1,13.5,,2025-05
C05463,2025-07-12,91360,True,Ventura,5,199.5,82.0,2025-07
C05469,2025-05-23,93012,False,Ventura,2,79.5,23.0,2025-05
C05476,2025-05-24,93063,True,Ventura,4,101.0,13.0,2025-05
C05477,2025-01-30,Unknown,True,Unknown,9,281.65,62.0,2025-01
C05480,2025-03-02,91381,False,Los Angeles,1,17.5,,2025-03
C05482,2025-01-05,93012,True,Ventura,8,242.0,10.0,2025-01
C05484,2025-02-09,93065,False,Ventura,1,18.0,,2025-02
C05487,2025-01-16,91320,False,Ventura,7,232.0,1.0,2025-01
C05488,2025-05-10,91362,True,Ventura,1,28.5,,2025-05
C05496,2025-07-04,91360,True,Ventura,5,179.5,1.0,2025-07
C05499,2025-06-15,91360,True,Ventura,24,670.68,5.0,2025-06
C05501,2025-01-18,91360,True,Ventura,1,37.5,,2025-01
C05507,2025-02-22,93060,True,Ventura,3,63.0,27.0,2025-02
C05511,2025-10-10,91362,True,Ventura,3,54.5,20.0,2025-10
C05514,2025-01-22,93003,False,Ventura,6,256.73,129.0,2025-01
C05518,2025-01-30,93001,True,Ventura,1,17.5,,2025-01
C05519,2025-10-25,91101,True,Los Angeles,3,68.5,27.0,2025-10
C05523,2025-06-28,Unknown,False,Unknown,1,27.5,,2025-06
C05524,2025-02-21,93033,False,Ventura,3,80.5,25.0,2025-02
C05526,2025-10-16,93036,False,Ventura,1,59.0,,2025-10
C05527,2025-06-22,93012,False,Ventura,1,54.5,,2025-06
C05529,2025-09-13,93003,False,Ventura,1,20.5,,2025-09
C05530,2025-04-04,91360,False,Ventura,1,23.0,,2025-04
C05531,2025-02-01,93012,False,Ventura,1,46.0,,2025-02
C05533,2025-09-02,91381,False,Los Angeles,2,54.0,65.0,2025-09
C05534,2025-04-08,93004,False,Ventura,3,105.0,0.0,2025-04
C05535,2025-10-17,93030,False,Ventura,2,45.5,67.0,2025-10
C05537,2025-01-03,91301,True,Los Angeles,23,644.5,16.0,2025-01
C05538,2025-10-05,91362,False,Ventura,1,55.0,,2025-10
C05540,2025-07-17,93003,True,Ventura,2,37.5,72.0,2025-07
C05541,2025-01-02,91362,False,Ventura,6,153.5,6.0,2025-01
C05543,2025-06-27,91360,False,Ventura,1,37.0,,2025-06
C05547,2025-08-16,Unknown,False,Unknown,11,254.95,1.0,2025-08
C05548,2025-07-26,93003,False,Ventura,5,130.5,29.0,2025-07
C05549,2025-07-12,93010,False,Ventura,11,446.5,8.0,2025-07
C05551,2025-10-03,Unknown,True,Unknown,2,49.0,61.0,2025-10
C05552,2025-05-14,93015,True,Ventura,5,109.0,56.0,2025-05
C05555,2025-11-22,93065,False,Ventura,3,87.5,13.0,2025-11
C05557,2025-05-09,91362,False,Ventura,2,49.5,2.0,2025-05
C05560,2025-11-09,93036,True,Ventura,1,18.5,,2025-11
C05563,2025-07-11,93033,True,Ventura,6,268.0,28.0,2025-07
C05564,2025-12-05,93030,True,Ventura,1,31.95,,2025-12
C05566,2025-09-19,93060,True,Ventura,3,82.5,34.0,2025-09
C05571,2025-12-23,93012,True,Ventura,1,55.0,,2025-12
C05573,2025-09-21,Unknown,False,Unknown,1,18.0,,2025-09
C05575,2025-06-27,Unknown,False,Unknown,1,17.5,,2025-06
C05576,2025-02-16,93001,True,Ventura,3,87.2,18.0,2025-02
C05578,2025-09-12,93033,False,Ventura,2,59.55,105.0,2025-09
C05579,2025-02-09,93033,False,Ventura,2,37.0,12.0,2025-02
C05584,2025-05-06,93004,False,Ventura,1,13.5,,2025-05
C05585,2025-07-20,93001,False,Ventura,7,224.5,7.0,2025-07
C05587,2025-03-28,93010,False,Ventura,1,17.5,,2025-03
C05589,2025-01-08,93065,False,Ventura,6,221.5,72.0,2025-01
C05591,2025-05-07,93030,False,Ventura,5,133.5,44.0,2025-05
C05593,2025-05-07,93060,False,Ventura,2,43.5,32.0,2025-05
C05595,2025-02-02,93012,False,Ventura,1,34.5,,2025-02
C05602,2025-06-12,93065,True,Ventura,5,132.4,21.0,2025-06
C05605,2025-11-16,93010,False,Ventura,4,124.5,12.0,2025-11
C05606,2025-08-17,93063,False,Ventura,2,64.5,119.0,2025-08
C05610,2025-01-04,93060,False,Ventura,4,66.5,20.0,2025-01
C05616,2025-05-02,91362,True,Ventura,17,481.0,4.0,2025-05
C05617,2025-10-02,Unknown,False,Unknown,3,66.0,8.0,2025-10
C05618,2025-06-01,91362,False,Ventura,2,68.5,9.0,2025-06
C05620,2025-05-03,93030,True,Ventura,7,165.0,57.0,2025-05
C05621,2025-06-20,91362,False,Ventura,4,125.5,35.0,2025-06
C05627,2025-02-15,93012,False,Ventura,9,180.5,7.0,2025-02
C05629,2025-03-14,91355,True,Los Angeles,2,72.0,126.0,2025-03
C05630,2025-10-09,91355,False,Los Angeles,1,61.5,,2025-10
C05632,2025-01-28,91362,True,Ventura,11,344.5,24.0,2025-01
C05633,2025-05-18,91362,False,Ventura,4,85.5,13.0,2025-05
C05635,2025-11-26,93004,True,Ventura,1,34.5,,2025-11
C05640,2025-08-14,93004,False,Ventura,1,14.5,,2025-08
C05650,2025-03-20,93060,True,Ventura,11,243.48,10.0,2025-03
C05652,2025-01-03,91360,False,Ventura,10,239.5,50.0,2025-01
C05654,2025-07-06,Unknown,False,Unknown,3,72.5,3.0,2025-07
C05655,2025-07-13,93001,True,Ventura,11,297.5,5.0,2025-07
C05656,2025-01-03,91355,True,Los Angeles,4,152.0,12.0,2025-01
C05660,2025-05-30,93065,False,Ventura,1,18.0,,2025-05
C05661,2025-02-08,93001,False,Ventura,2,29.0,75.0,2025-02
C05664,2025-05-31,93035,True,Ventura,3,119.5,19.0,2025-05
C05665,2025-01-12,93010,True,Ventura,1,35.0,,2025-01
C05675,2025-10-02,93004,False,Ventura,1,48.0,,2025-10
C05676,2025-09-27,93065,False,Ventura,1,32.0,,2025-09
C05677,2025-06-01,91355,True,Los Angeles,1,93.0,,2025-06
C05680,2025-06-11,93004,False,Ventura,2,45.5,3.0,2025-06
C05685,2025-12-31,93003,False,Ventura,1,21.5,,2025-12
C05686,2025-01-30,93036,True,Ventura,4,180.5,42.0,2025-01
C05687,2025-02-14,93001,True,Ventura,6,149.5,37.0,2025-02
C05688,2025-01-02,93010,True,Ventura,3,80.5,15.0,2025-01
C05691,2025-03-06,93030,False,Ventura,2,78.0,3.0,2025-03
C05698,2025-01-24,91360,False,Ventura,5,181.0,92.0,2025-01
C05700,2025-07-25,93060,True,Ventura,2,42.5,49.0,2025-07
C05702,2025-02-07,Unknown,True,Unknown,1,31.5,,2025-02
C05703,2025-02-18,93012,True,Ventura,1,41.5,,2025-02
C05707,2025-03-08,93003,False,Ventura,3,59.5,3.0,2025-03
C05710,2025-01-26,93004,False,Ventura,3,98.5,20.0,2025-01
C05713,2025-06-19,93033,False,Ventura,8,188.5,29.0,2025-06
C05714,2025-09-12,93060,False,Ventura,1,19.5,,2025-09
C05720,2025-03-23,93003,True,Ventura,21,532.7,3.0,2025-03
C05724,2025-06-25,91101,False,Los Angeles,1,32.0,,2025-06
C05728,2025-08-09,93004,False,Ventura,1,23.0,,2025-08
C05730,2025-09-14,93015,True,Ventura,1,16.5,,2025-09
C05732,2025-02-25,93033,False,Ventura,1,37.0,,2025-02
C05736,2025-09-16,93003,False,Ventura,1,16.0,,2025-09
C05743,2025-08-22,93004,False,Ventura,4,66.0,36.0,2025-08
C05744,2025-06-20,93030,False,Ventura,1,30.0,,2025-06
C05747,2025-07-09,93010,True,Ventura,3,78.0,10.0,2025-07
C05750,2025-02-25,93065,False,Ventura,3,67.0,8.0,2025-02
C05753,2025-08-19,93036,False,Ventura,2,69.5,66.0,2025-08
C05755,2025-02-21,93035,True,Ventura,9,271.5,7.0,2025-02
C05756,2025-09-26,93036,False,Ventura,2,35.25,78.0,2025-09
C05757,2025-08-23,91360,True,Ventura,8,279.5,1.0,2025-08
C05759,2025-11-14,91360,True,Ventura,2,36.0,14.0,2025-11
C05761,2025-12-17,93033,True,Ventura,1,25.5,,2025-12
C05762,2025-06-04,91320,False,Ventura,5,121.0,25.0,2025-06
C05766,2025-01-09,93063,False,Ventura,3,139.0,38.0,2025-01
C05771,2025-11-16,93004,False,Ventura,1,58.5,,2025-11
C05773,2025-01-07,93030,True,Ventura,12,358.5,7.0,2025-01
C05775,2025-11-29,93015,True,Ventura,1,20.0,,2025-11
C05776,2025-11-04,93010,True,Ventura,1,36.0,,2025-11
C05780,2025-09-19,93001,True,Ventura,3,58.5,4.0,2025-09
C05782,2025-09-18,Unknown,False,Unknown,2,36.5,72.0,2025-09
C05785,2025-06-21,93065,True,Ventura,4,117.5,27.0,2025-06
C05786,2025-01-07,93003,False,Ventura,2,36.0,19.0,2025-01
C05787,2025-04-16,93063,False,Ventura,3,116.5,86.0,2025-04
C05788,2025-11-21,Unknown,False,Unknown,1,33.5,,2025-11
C05793,2025-08-22,93036,True,Ventura,1,30.5,,2025-08
C05795,2025-10-01,93003,False,Ventura,1,18.0,,2025-10
C05803,2025-07-05,91381,False,Los Angeles,2,34.5,63.0,2025-07
C05806,2025-02-28,93021,False,Ventura,4,121.5,27.0,2025-02
C05807,2025-09-19,93021,False,Ventura,2,44.5,78.0,2025-09
C05818,2025-08-02,93010,True,Ventura,1,15.5,,2025-08
C05819,2025-03-09,91301,False,Los Angeles,14,315.0,7.0,2025-03
C05821,2025-04-25,93003,False,Ventura,1,35.0,,2025-04
C05823,2025-01-25,Unknown,False,Unknown,1,12.5,,2025-01
C05828,2025-01-04,93065,True,Ventura,2,68.0,5.0,2025-01
C05829,2025-02-14,93004,False,Ventura,2,38.5,135.0,2025-02
C05830,2025-10-03,91360,False,Ventura,3,151.5,22.0,2025-10
C05832,2025-07-12,93035,True,Ventura,5,131.5,14.0,2025-07
C05833,2025-03-07,93035,False,Ventura,2,70.0,7.0,2025-03
C05836,2025-07-05,93012,True,Ventura,7,198.5,6.0,2025-07
C05837,2025-03-13,93004,False,Ventura,2,37.0,9.0,2025-03
C05841,2025-06-21,91320,False,Ventura,2,44.5,49.0,2025-06
C05844,2025-10-17,93036,False,Ventura,1,20.0,,2025-10
C05848,2025-01-14,93036,True,Ventura,12,355.5,15.0,2025-01
C05851,2025-10-05,93004,False,Ventura,1,38.5,,2025-10
C05852,2025-06-10,90802,False,Los Angeles,1,35.5,,2025-06
C05855,2025-01-12,91101,True,Los Angeles,7,341.5,2.0,2025-01
C05856,2025-03-14,93035,False,Ventura,1,22.5,,2025-03
C05864,2025-09-19,93010,False,Ventura,1,13.0,,2025-09
C05865,2025-01-29,93030,False,Ventura,1,47.0,,2025-01
C05867,2025-05-31,91362,False,Ventura,4,88.5,8.0,2025-05
C05869,2025-05-09,93036,True,Ventura,15,375.5,12.0,2025-05
C05871,2025-04-30,93030,False,Ventura,2,34.0,80.0,2025-04
C05873,2025-01-05,93003,True,Ventura,22,705.0,4.0,2025-01
C05874,2025-02-21,93033,True,Ventura,5,152.5,98.0,2025-02
C05875,2025-04-25,Unknown,True,Unknown,3,82.0,50.0,2025-04
C05878,2025-10-17,93033,True,Ventura,2,57.55,28.0,2025-10
C05879,2025-08-22,91362,False,Ventura,1,41.5,,2025-08
C05881,2025-02-15,93036,False,Ventura,2,77.0,0.0,2025-02
C05886,2025-06-06,91360,True,Ventura,18,477.45,19.0,2025-06
C05888,2025-11-11,93003,True,Ventura,3,75.0,10.0,2025-11
C05889,2025-08-16,93035,False,Ventura,6,128.0,8.0,2025-08
C05895,2025-01-09,91360,True,Ventura,7,141.5,1.0,2025-01
C05900,2025-05-23,93021,True,Ventura,3,79.0,25.0,2025-05
C05902,2025-10-23,93001,True,Ventura,3,146.0,16.0,2025-10
C05903,2025-02-26,93033,True,Ventura,13,352.5,1.0,2025-02
C05906,2025-06-15,93060,False,Ventura,1,17.0,,2025-06
C05910,2025-06-24,93033,True,Ventura,2,33.0,17.0,2025-06
C05914,2025-02-26,93065,True,Ventura,2,85.0,164.0,2025-02
C05916,2025-11-14,91362,False,Ventura,4,76.0,2.0,2025-11
C05919,2025-08-02,Unknown,False,Unknown,1,33.0,,2025-08
C05925,2025-08-17,93003,False,Ventura,1,17.5,,2025-08
C05926,2025-08-01,91320,True,Ventura,2,58.0,42.0,2025-08
C05930,2025-07-24,93033,True,Ventura,1,20.5,,2025-07
C05931,2025-05-06,90802,False,Los Angeles,2,39.0,2.0,2025-05
C05933,2025-05-10,93065,False,Ventura,1,19.0,,2025-05
C05935,2025-11-12,93003,True,Ventura,3,71.25,37.0,2025-11
C05937,2025-02-07,93010,True,Ventura,10,277.45,14.0,2025-02
C05939,2025-05-03,93003,False,Ventura,4,130.5,13.0,2025-05
C05941,2025-10-05,93001,False,Ventura,3,70.5,26.0,2025-10
C05942,2025-04-03,93030,False,Ventura,11,349.5,23.0,2025-04
C05944,2025-01-17,93003,False,Ventura,1,25.5,,2025-01
C05946,2025-01-16,93003,True,Ventura,8,177.0,12.0,2025-01
C05950,2025-05-10,91301,False,Los Angeles,1,25.0,,2025-05
C05952,2025-08-22,91311,False,Los Angeles,1,64.5,,2025-08
C05953,2025-04-04,91362,False,Ventura,1,18.0,,2025-04
C05956,2025-06-06,93004,False,Ventura,2,34.0,145.0,2025-06
C05957,2025-02-14,93030,False,Ventura,1,20.5,,2025-02
C05958,2025-10-01,93035,True,Ventura,5,134.0,30.0,2025-10
C05960,2025-03-14,Unknown,False,Unknown,1,58.5,,2025-03
C05965,2025-12-21,93003,False,Ventura,1,23.5,,2025-12
C05966,2025-08-02,Unknown,True,Unknown,5,209.0,1.0,2025-08
C05968,2025-04-25,93004,True,Ventura,1,61.5,,2025-04
C05969,2025-01-09,93030,False,Ventura,1,14.0,,2025-01
C05972,2025-02-28,93030,True,Ventura,1,32.0,,2025-02
C05976,2025-04-29,93001,True,Ventura,1,54.0,,2025-04
C05980,2025-08-29,91311,False,Los Angeles,1,34.0,,2025-08
C05982,2025-09-30,93030,False,Ventura,2,153.0,25.0,2025-09
C05987,2025-03-06,93003,True,Ventura,4,179.65,2.0,2025-03
C05989,2025-04-10,93021,False,Ventura,6,261.0,45.0,2025-04
C05990,2025-01-03,93010,False,Ventura,4,97.5,60.0,2025-01
C05991,2025-01-04,93010,True,Ventura,15,533.1,7.0,2025-01
C06000,2025-03-08,93003,False,Ventura,1,18.0,,2025-03
C06001,2025-06-08,93001,False,Ventura,2,45.0,82.0,2025-06
C06002,2025-01-10,91355,True,Los Angeles,5,193.5,1.0,2025-01
C06004,2025-04-11,93036,True,Ventura,23,605.8,1.0,2025-04
C06005,2025-03-07,93003,True,Ventura,2,69.0,19.0,2025-03
C06008,2025-06-06,93010,False,Ventura,4,64.75,23.0,2025-06
C06012,2025-01-29,91360,False,Ventura,1,35.0,,2025-01
C06013,2025-02-01,93010,True,Ventura,1,17.5,,2025-02
C06023,2025-11-20,Unknown,True,Unknown,1,18.0,,2025-11
C06026,2025-01-07,93010,False,Ventura,3,91.0,22.0,2025-01
C06027,2025-08-31,93003,True,Ventura,6,165.7,21.0,2025-08
C06032,2025-12-13,93010,False,Ventura,1,20.5,,2025-12
C06033,2025-01-18,93001,True,Ventura,2,41.0,152.0,2025-01
C06036,2025-06-12,93004,False,Ventura,3,74.0,20.0,2025-06
C06037,2025-01-05,91362,False,Ventura,3,68.25,5.0,2025-01
C06039,2025-12-19,93001,True,Ventura,2,38.5,7.0,2025-12
C06042,2025-01-19,93065,True,Ventura,2,86.0,26.0,2025-01
C06043,2025-02-07,93003,False,Ventura,2,79.0,21.0,2025-02
C06044,2025-05-25,93065,False,Ventura,1,33.0,,2025-05
C06046,2025-10-09,91101,False,Los Angeles,1,34.5,,2025-10
C06052,2025-01-21,91360,False,Ventura,4,137.0,30.0,2025-01
C06054,2025-06-06,93001,True,Ventura,2,77.0,7.0,2025-06
C06055,2025-08-22,93003,True,Ventura,2,38.5,28.0,2025-08
C06057,2025-05-23,91320,True,Ventura,3,61.0,63.0,2025-05
C06058,2025-08-13,91360,False,Ventura,1,19.5,,2025-08
C06059,2025-04-09,Unknown,False,Unknown,1,17.5,,2025-04
C06060,2025-01-05,91355,False,Los Angeles,1,36.0,,2025-01
C06063,2025-05-23,93030,True,Ventura,8,230.3,34.0,2025-05
C06064,2025-08-22,91362,False,Ventura,1,15.5,,2025-08
C06065,2025-12-18,Unknown,False,Unknown,1,17.0,,2025-12
C06069,2025-04-12,91360,True,Ventura,1,33.0,,2025-04
C06073,2025-09-27,Unknown,True,Unknown,1,38.0,,2025-09
C06079,2025-01-05,93004,True,Ventura,2,56.0,20.0,2025-01
C06080,2025-02-26,91360,False,Ventura,1,35.0,,2025-02
C06082,2025-10-24,93036,True,Ventura,1,23.0,,2025-10
C06090,2025-02-28,93010,False,Ventura,12,460.65,14.0,2025-02
C06092,2025-04-25,93003,True,Ventura,4,93.5,15.0,2025-04
C06093,2025-12-24,Unknown,False,Unknown,1,16.2,,2025-12
C06096,2025-09-17,93036,False,Ventura,1,98.5,,2025-09
C06099,2025-05-03,93035,False,Ventura,5,106.5,27.0,2025-05
C06103,2025-09-03,93035,False,Ventura,2,35.5,14.0,2025-09
C06106,2025-12-09,93001,False,Ventura,1,20.5,,2025-12
C06111,2025-10-04,93001,True,Ventura,3,102.5,15.0,2025-10
C06114,2025-03-21,93001,False,Ventura,2,50.5,0.0,2025-03
C06115,2025-04-04,93003,False,Ventura,2,36.5,263.0,2025-04
C06116,2025-03-08,93033,False,Ventura,14,406.0,6.0,2025-03
C06118,2025-10-31,93001,True,Ventura,2,51.5,42.0,2025-10
C06119,2025-01-12,93060,False,Ventura,1,74.5,,2025-01
C06120,2025-10-12,93060,True,Ventura,3,99.95,4.0,2025-10
C06122,2025-02-15,93001,False,Ventura,1,98.0,,2025-02
C06124,2025-12-13,93001,False,Ventura,1,14.0,,2025-12
C06127,2025-07-05,93010,True,Ventura,1,38.5,,2025-07
C06128,2025-03-15,91320,True,Ventura,1,39.5,,2025-03
C06132,2025-04-03,93001,False,Ventura,1,17.5,,2025-04
C06135,2025-02-11,93001,False,Ventura,4,71.0,31.0,2025-02
C06136,2025-03-02,93001,True,Ventura,6,173.0,20.0,2025-03
C06139,2025-09-21,91381,True,Los Angeles,4,80.5,2.0,2025-09
C06142,2025-06-11,93033,True,Ventura,1,31.0,,2025-06
C06144,2025-01-31,91362,False,Ventura,1,21.0,,2025-01
C06145,2025-08-07,93004,False,Ventura,3,41.8,93.0,2025-08
C06152,2025-02-22,93004,False,Ventura,1,11.9,,2025-02
C06155,2025-03-11,93065,False,Ventura,1,97.0,,2025-03
C06156,2025-04-09,91381,True,Los Angeles,5,116.5,57.0,2025-04
C06158,2025-04-16,93004,True,Ventura,2,49.5,87.0,2025-04
C06159,2025-02-09,93004,True,Ventura,5,164.0,13.0,2025-02
C06161,2025-02-04,93065,False,Ventura,11,268.0,45.0,2025-02
C06164,2025-11-04,91360,False,Ventura,2,52.1,50.0,2025-11
C06165,2025-05-17,93063,False,Ventura,1,36.0,,2025-05
C06169,2025-11-21,93003,False,Ventura,1,18.5,,2025-11
C06171,2025-01-18,93065,False,Ventura,3,91.0,77.0,2025-01
C06176,2025-02-27,93021,False,Ventura,1,39.0,,2025-02
C06181,2025-05-28,93012,True,Ventura,5,184.0,13.0,2025-05
C06187,2025-08-19,93036,False,Ventura,5,150.5,21.0,2025-08
C06190,2025-08-28,93001,False,Ventura,1,18.0,,2025-08
C06191,2025-05-06,93065,False,Ventura,3,113.0,4.0,2025-05
C06192,2025-08-09,93010,True,Ventura,1,36.0,,2025-08
C06193,2025-06-29,90802,True,Los Angeles,3,61.0,5.0,2025-06
C06195,2025-05-24,93003,True,Ventura,1,23.5,,2025-05
C06196,2025-04-05,93001,False,Ventura,1,37.0,,2025-04
C06198,2025-11-08,93010,True,Ventura,2,44.0,13.0,2025-11
C06204,2025-02-05,93063,True,Ventura,6,101.0,57.0,2025-02
C06216,2025-02-14,93012,True,Ventura,1,71.5,,2025-02
C06219,2025-04-18,Unknown,True,Unknown,3,74.5,5.0,2025-04
C06222,2025-02-09,93003,True,Ventura,7,216.17,47.0,2025-02
C06227,2025-11-21,93060,False,Ventura,1,22.95,,2025-11
C06229,2025-04-06,93001,False,Ventura,5,129.5,11.0,2025-04
C06234,2025-11-01,93004,True,Ventura,1,16.5,,2025-11
C06241,2025-09-05,93001,False,Ventura,5,148.5,13.0,2025-09
C06245,2025-06-21,93065,True,Ventura,3,57.0,42.0,2025-06
C06246,2025-03-25,91355,True,Los Angeles,6,174.9,33.0,2025-03
C06247,2025-04-06,93063,False,Ventura,2,42.0,46.0,2025-04
C06253,2025-03-08,93030,False,Ventura,4,122.0,4.0,2025-03
C06254,2025-01-03,91360,False,Ventura,2,33.0,34.0,2025-01
C06261,2025-08-09,Unknown,False,Unknown,1,35.0,,2025-08
C06263,2025-12-21,93065,True,Ventura,1,19.5,,2025-12
C06270,2025-01-03,90802,True,Los Angeles,8,203.0,54.0,2025-01
C06272,2025-01-04,93004,True,Ventura,36,940.35,6.0,2025-01
C06274,2025-01-05,91320,True,Ventura,1,56.0,,2025-01
C06277,2025-10-14,91381,True,Los Angeles,4,73.0,0.0,2025-10
C06282,2025-06-07,93030,True,Ventura,6,124.0,0.0,2025-06
C06284,2025-06-05,93003,True,Ventura,2,34.5,6.0,2025-06
C06285,2025-06-17,91311,False,Los Angeles,4,110.5,42.0,2025-06
C06286,2025-07-02,91381,False,Los Angeles,1,14.0,,2025-07
C06287,2025-04-09,93021,False,Ventura,7,231.5,24.0,2025-04
C06288,2025-08-14,93003,False,Ventura,1,18.0,,2025-08
C06290,2025-01-18,93015,False,Ventura,10,298.25,66.0,2025-01
C06296,2025-05-16,93021,False,Ventura,1,23.0,,2025-05
C06297,2025-02-15,93035,False,Ventura,1,38.5,,2025-02
C06299,2025-07-25,93004,True,Ventura,5,197.0,8.0,2025-07
C06301,2025-10-02,93021,True,Ventura,4,84.5,8.0,2025-10
C06302,2025-08-29,91360,False,Ventura,3,83.5,8.0,2025-08
C06307,2025-12-12,Unknown,False,Unknown,1,18.0,,2025-12
C06308,2025-07-18,Unknown,False,Unknown,2,53.0,6.0,2025-07
C06316,2025-03-07,93036,False,Ventura,7,205.5,63.0,2025-03
C06317,2025-01-18,93004,False,Ventura,2,41.5,161.0,2025-01
C06318,2025-09-03,93065,False,Ventura,2,38.5,14.0,2025-09
C06324,2025-04-25,91362,True,Ventura,1,16.5,,2025-04
C06326,2025-07-17,93010,True,Ventura,5,98.0,36.0,2025-07
C06327,2025-03-19,93012,False,Ventura,1,69.5,,2025-03
C06332,2025-10-15,93035,False,Ventura,1,31.0,,2025-10
C06335,2025-01-21,93030,False,Ventura,3,95.0,9.0,2025-01
C06339,2025-09-04,93012,True,Ventura,1,15.0,,2025-09
C06341,2025-06-28,93003,False,Ventura,5,119.5,59.0,2025-06
C06345,2025-06-03,93004,True,Ventura,6,205.0,80.0,2025-06
C06348,2025-12-16,93033,False,Ventura,2,57.5,3.0,2025-12
C06353,2025-01-12,93065,False,Ventura,3,89.0,28.0,2025-01
C06361,2025-06-20,91362,False,Ventura,1,31.5,,2025-06
C06364,2025-01-24,93035,True,Ventura,1,18.5,,2025-01
C06365,2025-10-07,91320,False,Ventura,1,18.0,,2025-10
C06367,2025-10-07,91381,False,Los Angeles,1,21.0,,2025-10
C06372,2025-02-01,91301,True,Los Angeles,12,334.55,31.0,2025-02
C06375,2025-08-02,93021,True,Ventura,1,9.0,,2025-08
C06379,2025-05-17,Unknown,True,Unknown,10,262.88,15.0,2025-05
C06381,2025-01-03,93035,False,Ventura,2,30.0,49.0,2025-01
C06382,2025-01-11,93004,False,Ventura,2,54.5,5.0,2025-01
C06385,2025-11-28,93021,True,Ventura,1,42.0,,2025-11
C06386,2025-06-24,91311,False,Los Angeles,1,18.0,,2025-06
C06388,2025-02-19,91320,True,Ventura,8,301.18,73.0,2025-02
C06390,2025-02-23,93021,True,Ventura,1,29.5,,2025-02
C06391,2025-09-26,93010,True,Ventura,1,32.0,,2025-09
C06393,2025-05-24,93010,False,Ventura,2,118.0,4.0,2025-05
C06394,2025-04-20,Unknown,True,Unknown,9,359.7,31.0,2025-04
C06395,2025-02-27,93060,False,Ventura,1,20.5,,2025-02
C06397,2025-01-18,93012,False,Ventura,5,88.6,50.0,2025-01
C06401,2025-02-23,93010,True,Ventura,5,111.0,18.0,2025-02
C06403,2025-06-13,93065,True,Ventura,10,258.35,0.0,2025-06
C06405,2025-02-21,93036,True,Ventura,2,64.0,14.0,2025-02
C06406,2025-12-13,93035,False,Ventura,2,62.0,13.0,2025-12
C06409,2025-10-23,93015,False,Ventura,1,13.0,,2025-10
C06411,2025-06-28,93010,True,Ventura,10,368.35,3.0,2025-06
C06412,2025-02-16,90802,False,Los Angeles,1,17.5,,2025-02
C06413,2025-01-17,93003,False,Ventura,1,60.0,,2025-01
C06420,2025-05-09,93003,False,Ventura,1,39.5,,2025-05
C06423,2025-01-31,93036,False,Ventura,1,23.0,,2025-01
C06427,2025-04-24,93010,True,Ventura,4,78.43,2.0,2025-04
C06433,2025-08-01,93004,True,Ventura,2,28.7,1.0,2025-08
C06435,2025-07-03,93012,False,Ventura,1,21.0,,2025-07
C06437,2025-03-15,93012,False,Ventura,1,40.0,,2025-03
C06438,2025-11-09,93035,False,Ventura,1,18.0,,2025-11
C06440,2025-05-21,93004,False,Ventura,1,38.5,,2025-05
C06442,2025-07-13,93004,False,Ventura,1,22.0,,2025-07
C06443,2025-03-13,93010,False,Ventura,2,76.5,78.0,2025-03
C06444,2025-12-06,93030,False,Ventura,3,52.5,1.0,2025-12
C06445,2025-11-29,91362,True,Ventura,2,64.5,17.0,2025-11
C06446,2025-07-11,Unknown,True,Unknown,2,35.0,23.0,2025-07
C06447,2025-03-15,93004,False,Ventura,2,40.5,6.0,2025-03
C06448,2025-01-29,93010,False,Ventura,2,41.5,21.0,2025-01
C06453,2025-05-31,93012,False,Ventura,6,171.2,27.0,2025-05
C06454,2025-09-24,93030,True,Ventura,3,75.45,3.0,2025-09
C06458,2025-05-03,91101,False,Los Angeles,1,20.0,,2025-05
C06461,2025-01-04,93015,True,Ventura,4,91.5,1.0,2025-01
C06462,2025-11-01,93033,False,Ventura,1,45.05,,2025-11
C06465,2025-08-12,93060,False,Ventura,4,110.0,19.0,2025-08
C06474,2025-10-12,93065,False,Ventura,2,64.0,33.0,2025-10
C06476,2025-08-07,93015,True,Ventura,1,89.0,,2025-08
C06479,2025-03-06,Unknown,True,Unknown,7,215.0,30.0,2025-03
C06487,2025-10-24,93036,True,Ventura,1,16.5,,2025-10
C06493,2025-05-02,Unknown,False,Unknown,2,58.0,7.0,2025-05
C06494,2025-05-10,91360,True,Ventura,1,53.5,,2025-05
C06499,2025-07-23,93033,False,Ventura,2,58.25,15.0,2025-07
C06500,2025-11-28,93035,False,Ventura,2,75.0,29.0,2025-11
